sample	assembler	input	representation	total_length_bp	sequence_count	largest_contig_bp	largest_alignment_bp	n50_bp	ng50_bp	nga50_bp	l50	lga50	ns_per_100kbp	genome_fraction_pct	duplication_ratio	misassemblies	local_misassemblies	scaffold_gap_ext_mis	scaffold_gap_loc_mis	mismatches_per_100kbp	indels_per_100kbp	unaligned_length_bp	source_file
HG002	Flye	ONT	single-technology assembly	2951006445	2057	108420733	108408752	30226142	29015618	25644753	29	37	0.00	96.827	1.014	4888	6312	0	0	144.66	31.86	67039938	assembly_quality/quast/flye/HG002.ont.30x/report.tsv
HG003	Flye	ONT	single-technology assembly	2950909603	1977	109836500	109825552	33606050	33412447	27326061	25	35	0.00	96.877	1.014	4650	6436	0	0	143.40	31.33	65479354	assembly_quality/quast/flye/HG003.ont.30x/report.tsv
HG004	Flye	ONT	single-technology assembly	2937111870	2026	109867773	109862939	31585363	29661014	26449985	27	35	0.00	96.308	1.013	4104	5928	0	0	140.90	31.37	71784992	assembly_quality/quast/flye/HG004.ont.30x/report.tsv
HG002	Flye	HiFi	single-technology assembly	3953702635	27777	22160581	22160332	526356	795451	734795	1637	1039	0.00	98.394	1.325	10496	14893	0	0	192.78	31.47	120111502	assembly_quality/quast/flye/HG002.pb.30x/report.tsv
HG003	Flye	HiFi	single-technology assembly	3967282588	27727	41701037	30582376	442865	714928	652406	1836	1131	0.00	98.425	1.332	11087	14990	0	0	190.92	31.36	111234344	assembly_quality/quast/flye/HG003.pb.30x/report.tsv
HG004	Flye	HiFi	single-technology assembly	3966820401	27957	8456388	8454628	433837	694868	631902	1950	1209	0.00	97.758	1.342	10463	14697	0	0	189.56	31.47	110075357	assembly_quality/quast/flye/HG004.pb.30x/report.tsv
HG002	GoldRush	ONT	single-technology assembly, ntLink-scaffolded (N50/NG50/count are scaffold-level)	2322482594	19375	2157722	1800807	402288	273675	215394	1772	3710	208.88	75.813	1.037	5081	2351	2	132	154.86	52.17	8457362	assembly_quality/quast/goldrush/HG002.ont.30x/report.tsv
HG003	GoldRush	ONT	single-technology assembly, ntLink-scaffolded (N50/NG50/count are scaffold-level)	2439465824	17411	4452991	3723743	605061	442494	352711	1185	2268	211.20	79.422	1.041	4131	2236	1	138	149.87	49.45	6780751	assembly_quality/quast/goldrush/HG003.ont.30x/report.tsv
HG004	GoldRush	ONT	single-technology assembly, ntLink-scaffolded (N50/NG50/count are scaffold-level)	1993432862	18176	2492655	1533933	325749	156851	123424	1853	5440	232.71	65.802	1.026	3729	2045	3	95	154.73	51.14	6418341	assembly_quality/quast/goldrush/HG004.ont.30x/report.tsv
HG002	GoldRush	HiFi	single-technology assembly, ntLink-scaffolded (N50/NG50/count are scaffold-level)	2033063311	29624	1009462	1009462	144932	77381	71325	4295	9913	160.68	67.940	1.016	2681	1777	5	164	123.40	33.92	4057977	assembly_quality/quast/goldrush/HG002.pb.30x/report.tsv
HG003	GoldRush	HiFi	single-technology assembly, ntLink-scaffolded (N50/NG50/count are scaffold-level)	2013778042	31691	908476	906554	137715	71508	65335	4478	10680	162.29	66.819	1.023	3498	1741	3	189	122.56	34.02	4095252	assembly_quality/quast/goldrush/HG003.pb.30x/report.tsv
HG004	GoldRush	HiFi	single-technology assembly, ntLink-scaffolded (N50/NG50/count are scaffold-level)	2081072065	28929	1103605	1103508	157735	88510	81724	4085	8982	156.55	69.245	1.020	3005	1815	3	178	122.40	35.03	3988830	assembly_quality/quast/goldrush/HG004.pb.30x/report.tsv
HG002	Verkko	ONT+HiFi	hybrid assembly, both haplotypes in one FASTA (diploid)	6110652156	39458	43599830	28934214	428845	906579	752240	3483	1278	0.00	98.810	2.048	17894	19405	0	0	178.86	32.33	155779216	assembly_quality/quast/verkko/HG002/report.tsv
HG003	Verkko	ONT+HiFi	hybrid assembly, both haplotypes in one FASTA (diploid)	6083857631	36605	49786554	34680610	460975	962223	810160	3236	1157	0.00	98.809	2.044	18792	20662	0	0	180.39	32.26	139875949	assembly_quality/quast/verkko/HG003/report.tsv
HG004	Verkko	ONT+HiFi	hybrid assembly, both haplotypes in one FASTA (diploid)	6143892342	37841	9787434	4228221	438516	885059	764382	3576	1341	0.00	98.057	2.090	16674	18869	0	0	169.55	31.97	111103135	assembly_quality/quast/verkko/HG004/report.tsv
