assembler	sample	technology	depth	representation	contigs	total_length_bp	largest_contig_bp	genome_fraction_pct	duplication_ratio	misassemblies	mismatches_per_100kbp	indels_per_100kbp	n50	ng50	na50	nga50	l50	lg50	unaligned_contigs	unaligned_length_bp	source_file
flye	HG002	ont	30x	collapsed	2057	2951006445	108420733	96.827	1.014	4888	144.66	31.86	30226142	29015618	26041300	25644753	29	31	338 + 831 part	67039938	assembly_quality/quast/flye/HG002.ont.30x/report.tsv
flye	HG002	pb	30x	collapsed	27777	3953702635	22160581	98.394	1.325	10496	192.78	31.47	526356	795451	446393	734795	1637	980	346 + 1900 part	120111502	assembly_quality/quast/flye/HG002.pb.30x/report.tsv
flye	HG003	ont	30x	collapsed	1977	2950909603	109836500	96.877	1.014	4650	143.40	31.33	33606050	33412447	29110927	27326061	25	27	260 + 795 part	65479354	assembly_quality/quast/flye/HG003.ont.30x/report.tsv
flye	HG003	pb	30x	collapsed	27727	3967282588	41701037	98.425	1.332	11087	190.92	31.36	442865	714928	372000	652406	1836	1070	318 + 2020 part	111234344	assembly_quality/quast/flye/HG003.pb.30x/report.tsv
flye	HG004	ont	30x	collapsed	2026	2937111870	109867773	96.308	1.013	4104	140.90	31.37	31585363	29661014	26955526	26449985	27	30	291 + 718 part	71784992	assembly_quality/quast/flye/HG004.ont.30x/report.tsv
flye	HG004	pb	30x	collapsed	27957	3966820401	8456388	97.758	1.342	10463	189.56	31.47	433837	694868	360002	631902	1950	1158	290 + 1766 part	110075357	assembly_quality/quast/flye/HG004.pb.30x/report.tsv
goldrush	HG002	ont	30x	collapsed	19375	2322482594	2157722	75.813	1.037	5081	154.86	52.17	402288	273675	314975	215394	1772	2949	1849 + 1528 part	8457362	assembly_quality/quast/goldrush/HG002.ont.30x/report.tsv
goldrush	HG002	pb	30x	collapsed	29624	2033063311	1009462	67.940	1.016	2681	123.40	33.92	144932	77381	136437	71325	4295	9291	480 + 1193 part	4057977	assembly_quality/quast/goldrush/HG002.pb.30x/report.tsv
goldrush	HG003	ont	30x	collapsed	17411	2439465824	4452991	79.422	1.041	4131	149.87	49.45	605061	442494	485387	352711	1185	1825	1937 + 1318 part	6780751	assembly_quality/quast/goldrush/HG003.ont.30x/report.tsv
goldrush	HG003	pb	30x	collapsed	31691	2013778042	908476	66.819	1.023	3498	122.56	34.02	137715	71508	127911	65335	4478	9912	487 + 1187 part	4095252	assembly_quality/quast/goldrush/HG003.pb.30x/report.tsv
goldrush	HG004	ont	30x	collapsed	18176	1993432862	2492655	65.802	1.026	3729	154.73	51.14	325749	156851	253555	123424	1853	4289	1764 + 1237 part	6418341	assembly_quality/quast/goldrush/HG004.ont.30x/report.tsv
goldrush	HG004	pb	30x	collapsed	28929	2081072065	1103605	69.245	1.020	3005	122.40	35.03	157735	88510	147208	81724	4085	8387	497 + 1162 part	3988830	assembly_quality/quast/goldrush/HG004.pb.30x/report.tsv
verkko	HG002	hybrid	unknown	haplotype_resolved	39458	6110652156	43599830	98.810	2.048	17894	178.86	32.33	428845	906579	352244	752240	3483	989	186 + 2655 part	155779216	assembly_quality/quast/verkko/HG002/report.tsv
verkko	HG003	hybrid	unknown	haplotype_resolved	36605	6083857631	49786554	98.809	2.044	18792	180.39	32.26	460975	962223	386127	810160	3236	925	210 + 2571 part	139875949	assembly_quality/quast/verkko/HG003/report.tsv
verkko	HG004	hybrid	unknown	haplotype_resolved	37841	6143892342	9787434	98.057	2.090	16674	169.55	31.97	438516	885059	366391	764382	3576	1091	167 + 2412 part	111103135	assembly_quality/quast/verkko/HG004/report.tsv
