sample	read_technology	aligner	configuration	raw_total_sequences	reads_mapped	reads_unmapped	total_length	bases_mapped	bases_mapped_cigar	error_percent	reads_mq0	threads	wallclock_runtime_hours	peak_ram_gb	runtime_configuration	input_reads	input_bases	mapped_reads_percent	mapped_bases_percent	cigar_yield_percent	mq0_reads_percent	runtime_hours	thread_hours
HG002	ONT	minimap2	mm2-ont	5203769	5118735	85034	94189961259	94097151347	93672651095	3.2273	22248	64	2.499085555555556	37.653	mm2-ont	5203769	94189961259	98.36591516648798	99.90146517658629	99.4507799376013	0.43463863630369615	2.499085555555556	159.94147555555557
HG003	ONT	minimap2	mm2-ont	6938685	6534420	404265	94906798668	94643907161	94296387842	2.8079	62459	64	2.538790555555556	36.486	mm2-ont	6938685	94906798668	94.17375194291137	99.72300034276823	99.35683129705458	0.9558461194719654	2.538790555555556	162.48259555555558
HG004	ONT	minimap2	mm2-ont	7046468	6741526	304942	93459874103	93244324332	92835949268	2.8233	58199	64	2.375456111111111	38.123	mm2-ont	7046468	93459874103	95.67241347012433	99.76936650828092	99.33241421413388	0.8632911895615325	2.375456111111111	152.02919111111112
HG002	ONT	pbmm2	pbmm2-ont	5203769	5108067	95702	94189961259	94039378623	93060440064	2.9165	19925	64	1.733333333333	67.138	pbmm2-ont	5203769	94189961259	98.1609099097212	99.84012878444027	98.80080511776188	0.39006927669507857	1.733333333333	110.933333333312
HG003	ONT	pbmm2	pbmm2-ont	6938685	6509045	429640	94906798668	94557542126	93653338869	2.489	54901	64	1.616666666667	62.66	pbmm2-ont	6938685	94906798668	93.80804864322275	99.63200050270186	98.67927291132766	0.8434570662823809	1.616666666667	103.466666666688
HG004	ONT	pbmm2	pbmm2-ont	7046468	6718367	328101	93459874103	93162323710	92288524529	2.5197	52433	64	1.483333333333	63.992	pbmm2-ont	7046468	93459874103	95.34375235933804	99.68162765480288	98.74668184047725	0.7804426283946679	1.483333333333	94.933333333312
HG002	ONT	VACmap	vacmap-ont	5059858	5059858	0	93627269049	93627269049	92300240225	1.7942	86635	16	13.921111111111111		vacmap-ont	5203769	94189961259	97.23448523560519	99.40259853334823	97.99371290874224	1.7122022001407944	13.921111111111111	222.73777777777778
HG003	ONT	VACmap	vacmap-ont	6428625	6428625	0	94171462471	94171462471	93096950059	1.4817	127832	16	13.897777777777778		vacmap-ont	6938685	94906798668	92.64903940732286	99.22520176918798	98.09302533179824	1.988481207101052	13.897777777777778	222.36444444444444
HG004	ONT	VACmap	vacmap-ont	6630815	6630815	0	92775444750	92775444750	91682370246	1.4792	111031	16	13.413055555555555		vacmap-ont	7046468	93459874103	94.10125753781895	99.26767571691173	98.09811015255482	1.6744698803993174	13.413055555555555	214.60888888888888
HG002	ONT	VG Giraffe	vg-ont	5203769	4917366	286403	94189961259	89507090889	86681314674	2.3102	28282	16	3.439722222222222		vg-ont	5203769	94189961259	94.49623916818751	95.02827020267773	92.02818805249001	0.5751453115346712	3.439722222222222	55.035555555555554
HG003	ONT	VG Giraffe	vg-ont	6938685	6439363	499322	94906798668	90452716036	87970816405	2.0183	118442	16	4.460555555555556		vg-ont	6938685	94906798668	92.80379495538419	95.30688771035136	92.69179620391239	1.8393434257394714	4.460555555555556	71.36888888888889
HG004	ONT	VG Giraffe	vg-ont	7046468	6616356	430112	93459874103	89347659978	87357823095	2.0399	94928	16	4.805833333333333		vg-ont	7046468	93459874103	93.89606253799776	95.60002175856987	93.4709402654715	1.434747465221037	4.805833333333333	76.89333333333333
HG002	PacBio	minimap2	mm2-pb	6736453	6719594	16859	94336001094	94164369675	94078039439	1.3916	10300	64	1.1192869444444444	41.785	mm2-pb	6736453	94336001094	99.74973476397743	99.81806371161633	99.72655014839673	0.15328307037597808	1.1192869444444444	71.63436444444444
HG003	PacBio	minimap2	mm2-pb	6621583	6607336	14247	93293694245	93143250746	93073206292	1.3434	9259	64	1.793497777778	36.334	mm2-ont	6621583	93293694245	99.78483996953598	99.83874204980573	99.76366253391042	0.14013211981349216	1.793497777778	114.783857777792
HG004	PacBio	minimap2	mm2-pb	6491546	6477717	13829	93684058210	93543426134	93484009557	1.2756	9167	64	1.751117222222	36.517	mm2-ont	6491546	93684058210	99.78696908255753	99.84988686582645	99.78646457377884	0.14151590753347207	1.751117222222	112.071502222208
HG002	PacBio	pbmm2	pbmm2-pb	6736453	6733791	2662	94336001094	94310552692	93857101555	1.2187	10380	64	1.433333333333	65.782	pbmm2-pb	6736453	94336001094	99.96048365512236	99.9730236583013	99.49234700067177	0.15414793836042728	1.433333333333	91.733333333312
HG003	PacBio	pbmm2	pbmm2-pb	6621583	6619070	2513	93293694245	93268858653	92847445611	1.1799	9379	64	1.533333333333	59.809	pbmm2-pb	6621583	93293694245	99.96204835006976	99.97337913113958	99.52167331606775	0.14169664318401226	1.533333333333	98.133333333312
HG004	PacBio	pbmm2	pbmm2-pb	6491546	6489571	1975	93684058210	93665424495	93277553639	1.1335	9274	64	1.383333333333	60.409	pbmm2-pb	6491546	93684058210	99.9695758144516	99.98011004715633	99.5660899209887	0.14290621059543074	1.383333333333	88.533333333312
HG002	PacBio	VACmap	vacmap-pb	6701060	6701060	0	93937282132	93937282132	93724543203	0.6935	86715	16	9.515833333333331		vacmap-pb	6736453	94336001094	99.47460481057315	99.57734167510164	99.35182975331897	1.2940490012027948	9.515833333333331	152.2533333333333
HG003	PacBio	VACmap	vacmap-pb	6590883	6590883	0	92941941630	92941941630	92734592987	0.6953	81763	16	9.199722222222222		vacmap-pb	6621583	93293694245	99.53636464271459	99.62296206850138	99.40070841601391	1.240546979820458	9.199722222222222	147.19555555555556
HG004	PacBio	VACmap	vacmap-pb	6465579	6465579	0	93391532444	93391532444	93234395565	0.6392	65151	16	8.926944444444445		vacmap-pb	6491546	93684058210	99.59998742980486	99.68775288817626	99.52002223901098	1.007659174839562	8.926944444444445	142.8311111111111
HG002	PacBio	VG Giraffe	vg-pb	6736453	6714908	21545	94336001094	94086662461	93392245219	1.0706	31806	16	3.801388888888889		vg-pb	6736453	94336001094	99.68017293373828	99.7356909026157	98.99958036798739	0.4736624835366322	3.801388888888889	60.82222222222222
HG003	PacBio	VG Giraffe	vg-pb	6621583	6602757	18826	93293694245	93070386820	92386682869	1.058	28591	16	3.6066666666666665		vg-pb	6621583	93293694245	99.71568732129462	99.76064038753405	99.0277891948216	0.4330160870678718	3.6066666666666665	57.70666666666666
HG004	PacBio	VG Giraffe	vg-pb	6491546	6474250	17296	93684058210	93479245879	92825159183	1.0058	20138	16	3.3697222222222223		vg-pb	6491546	93684058210	99.73356115785053	99.78137974068022	99.08319617722503	0.311047611692474	3.3697222222222223	53.91555555555556
