sample	read_technology	aligner	insertion_events	deletion_events	inserted_bases	deleted_bases	insertion_events_per_100kb	deletion_events_per_100kb	value_source
HG002	ONT	VACmap	190143603	267752961	323847395.0	498263131.0	206.005534	290.089127	measured
HG003	ONT	VACmap	143924303	197448698	255471058.0	393409608.0	154.596153	212.08933	measured
HG004	ONT	VACmap	148141306	206070162	260149321.0	411639096.0	161.581017	224.765308	measured
HG002	ONT	VG Giraffe	168524998	221826502	382641470.0	483178167.0	194.419061	255.910403	measured
HG003	ONT	VG Giraffe	128969664	165286778	315124787.0	377011524.0	146.605055	187.888194	measured
HG004	ONT	VG Giraffe	135314123	178741299	330638578.0	442191919.0	154.8964	204.608234	measured
HG002	ONT	minimap2	224797498	319020084	487758794.0	710564349.0	239.981996	340.569078	measured
HG003	ONT	minimap2	171009438	233384721	414879063.0	570356639.0	181.353116	247.501231	measured
HG004	ONT	minimap2	175215703	244342674	407859239.0	616450898.0	188.736911	263.198336	measured
HG002	ONT	pbmm2	198353594	285437659	418039360.0	600126629.0	213.144913	306.722877	measured
HG003	ONT	pbmm2	150024613	206377529	353208467.0	474655008.0	160.19142	220.363237	measured
HG004	ONT	pbmm2	154413514	215252843	351333314.0	510558179.0	167.31605	233.239012	measured
HG002	PacBio	VACmap	76279800	63514981	117084194.0	126333328.0	81.38722	67.767715	measured
HG003	PacBio	VACmap	73087977	66277465	112245012.0	128274952.0	78.814145	71.470055	measured
HG004	PacBio	VACmap	76420235	71847081	113841627.0	129459951.0	81.965711	77.060703	measured
HG002	PacBio	VG Giraffe	81298202	67671196	211989171.0	192850378.0	87.05027	72.459117	measured
HG003	PacBio	VG Giraffe	77525623	69743433	202077176.0	189799825.0	83.914284	75.490786	measured
HG004	PacBio	VG Giraffe	80757772	75230355	200119361.0	189770008.0	86.999875	81.045221	measured
HG002	PacBio	minimap2	77100083	62970213	180173202.0	173210959.0	81.953327	66.934019	measured
HG003	PacBio	minimap2	73532063	65509216	172627319.0	173984294.0	79.004545	70.384613	measured
HG004	PacBio	minimap2	77346513	71071516	173526310.0	170046945.0	82.737693	76.025318	measured
HG002	PacBio	pbmm2	77025868	63109423	180779762.0	169860872.0	82.067171	67.239902	measured
HG003	PacBio	pbmm2	73467898	65549210	172871559.0	169233332.0	79.127538	70.59883	measured
HG004	PacBio	pbmm2	77121743	71118305	173132353.0	167694362.0	82.679852	76.24375	measured
