sample	read_technology	aligner	threads	wallclock_runtime_hours	thread_hours
HG002	ONT	minimap2	64	2.499085555555556	159.94147555555557
HG003	ONT	minimap2	64	2.538790555555556	162.48259555555558
HG004	ONT	minimap2	64	2.375456111111111	152.02919111111112
HG002	ONT	pbmm2	64	1.733333333333	110.933333333312
HG003	ONT	pbmm2	64	1.616666666667	103.466666666688
HG004	ONT	pbmm2	64	1.483333333333	94.933333333312
HG002	ONT	VACmap	16	13.921111111111111	222.73777777777778
HG003	ONT	VACmap	16	13.897777777777778	222.36444444444444
HG004	ONT	VACmap	16	13.413055555555555	214.60888888888888
HG002	ONT	VG Giraffe	16	3.439722222222222	55.035555555555554
HG003	ONT	VG Giraffe	16	4.460555555555556	71.36888888888889
HG004	ONT	VG Giraffe	16	4.805833333333333	76.89333333333333
HG002	PacBio	minimap2	64	1.1192869444444444	71.63436444444444
HG003	PacBio	minimap2	64	1.793497777778	114.783857777792
HG004	PacBio	minimap2	64	1.751117222222	112.071502222208
HG002	PacBio	pbmm2	64	1.433333333333	91.733333333312
HG003	PacBio	pbmm2	64	1.533333333333	98.133333333312
HG004	PacBio	pbmm2	64	1.383333333333	88.533333333312
HG002	PacBio	VACmap	16	9.515833333333331	152.2533333333333
HG003	PacBio	VACmap	16	9.199722222222222	147.19555555555556
HG004	PacBio	VACmap	16	8.926944444444445	142.8311111111111
HG002	PacBio	VG Giraffe	16	3.801388888888889	60.82222222222222
HG003	PacBio	VG Giraffe	16	3.6066666666666665	57.70666666666666
HG004	PacBio	VG Giraffe	16	3.3697222222222223	53.91555555555556
