sample	tech	aligner	configuration	raw_total_sequences	total_length	reads_mapped	bases_mapped	bases_mapped_cigar	reads_mq0	error_percent	runtime_seconds	peak_ram_gb	threads_logged	runtime_source	runtime_preset_used	runtime_flag	sn_file	input_reads	input_bases	mapped_reads_percent	mapped_bases_percent	cigar_yield_percent	mq0_reads_percent	runtime_hours
HG002	ont	minimap2	mm2-ont	5203769	94189961259	5118735	94097151347	93672651095	22248	3.227282	8996.708	37.653		run_metrics/mm2.run_metrics.tsv [HG002 ont mm2-ont]	mm2-ont	OK	samtools_stats_30x_Christian/HG002_ont_30x.hg38.mm2-ont.cram.stats.SN.txt	5203769	94189961259	98.36591516648798	99.90146517658629	99.4507799376013	0.43463863630369615	2.499085555555556
HG002	ont	pbmm2	pbmm2-ont	5203769	94189961259	5108067	94039378623	93060440064	19925	2.916496	6240	67.138	64	alignment_analysis/logs/Logs_files_pbmm2/HG002.ont.30x.hg38.pbmm2-ont.cram.log	pbmm2-ont	OK	samtools_stats_30x_Christian/HG002_ont_30x.hg38.pbmm2-ont.cram.stats.SN.txt	5203769	94189961259	98.1609099097212	99.84012878444027	98.80080511776188	0.39006927669507857	1.7333333333333334
HG002	ont	VACmap	vacmap-ont	5059858	93627269049	5059858	93627269049	92300240225	86635	1.794225	50116.0		16	alignment_analysis/logs/logs_VG_VACmap/HG002.ont.30x.hg38.vacmap-ont.map_sort.log	vacmap-ont	OK	samtools_stats_30x_Christian/vacmap_vg_stats/HG002.ont.30x.hg38.vacmap-ont.cram.stats	5203769	94189961259	97.23448523560519	99.40259853334823	97.99371290874224	1.7122022001407944	13.921111111111111
HG002	ont	VG Giraffe	vg-ont	5203769	94189961259	4917366	89507090889	86681314674	28282	2.310183	12383.0			alignment_analysis/logs/logs_VG_VACmap/HG002.ont.30x.hg38.vg-ont.map_sort.log	vg-ont	OK	samtools_stats_30x_Christian/vacmap_vg_stats/HG002.ont.30x.hg38.vg-ont.cram.stats	5203769	94189961259	94.49623916818751	95.02827020267773	92.02818805249001	0.5751453115346712	3.439722222222222
HG002	pb	minimap2	mm2-pb	6736453	94336001094	6719594	94164369675	94078039439	10300	1.391648	4029.433	41.785		run_metrics/mm2.run_metrics.tsv [HG002 pb mm2-pb]	mm2-pb	OK	samtools_stats_30x_Christian/HG002_pb_30x.hg38.mm2-pb.cram.stats.SN.txt	6736453	94336001094	99.74973476397743	99.81806371161633	99.72655014839673	0.15328307037597808	1.1192869444444444
HG002	pb	pbmm2	pbmm2-pb	6736453	94336001094	6733791	94310552692	93857101555	10380	1.218666	5160	65.782	64	alignment_analysis/logs/Logs_files_pbmm2/HG002.pb.30x.hg38.pbmm2-ont.cram.log	pbmm2-ont	SUBSTITUTED_PRESET	samtools_stats_30x_Christian/HG002_pb_30x.hg38.pbmm2-pb.cram.stats.SN.txt	6736453	94336001094	99.96048365512236	99.9730236583013	99.49234700067177	0.15414793836042728	1.4333333333333333
HG002	pb	VACmap	vacmap-pb	6701060	93937282132	6701060	93937282132	93724543203	86715	0.6935453	34257.0		16	alignment_analysis/logs/logs_VG_VACmap/HG002.pb.30x.hg38.vacmap-pb.map_sort.log	vacmap-pb	OK	samtools_stats_30x_Christian/vacmap_vg_stats/HG002.pb.30x.hg38.vacmap-pb.cram.stats	6736453	94336001094	99.47460481057315	99.57734167510164	99.35182975331897	1.2940490012027948	9.515833333333333
HG002	pb	VG Giraffe	vg-pb	6736453	94336001094	6714908	94086662461	93392245219	31806	1.070647	13685.0			alignment_analysis/logs/logs_VG_VACmap/HG002.pb.30x.hg38.vg-pb.map_sort.log	vg-pb	OK	samtools_stats_30x_Christian/vacmap_vg_stats/HG002.pb.30x.hg38.vg-pb.cram.stats	6736453	94336001094	99.68017293373828	99.7356909026157	98.99958036798739	0.4736624835366322	3.801388888888889
HG003	ont	minimap2	mm2-ont	6938685	94906798668	6534420	94643907161	94296387842	62459	2.807869	9139.646	36.486		run_metrics/mm2.run_metrics.tsv [HG003 ont mm2-ont]	mm2-ont	OK	samtools_stats_30x_Christian/HG003_ont_30x.hg38.mm2-ont.cram.stats.SN.txt	6938685	94906798668	94.17375194291137	99.72300034276823	99.35683129705458	0.9558461194719654	2.538790555555556
HG003	ont	pbmm2	pbmm2-ont	6938685	94906798668	6509045	94557542126	93653338869	54901	2.489017	5820	62.66	64	alignment_analysis/logs/Logs_files_pbmm2/HG003.ont.30x.hg38.pbmm2-ont.cram.log	pbmm2-ont	OK	samtools_stats_30x_Christian/HG003_ont_30x.hg38.pbmm2-ont.cram.stats.SN.txt	6938685	94906798668	93.80804864322275	99.63200050270186	98.67927291132766	0.8434570662823809	1.6166666666666667
HG003	ont	VACmap	vacmap-ont	6428625	94171462471	6428625	94171462471	93096950059	127832	1.4816690000000001	50032.0		16	alignment_analysis/logs/logs_VG_VACmap/HG003.ont.30x.hg38.vacmap-ont.map_sort.log	vacmap-ont	OK	samtools_stats_30x_Christian/vacmap_vg_stats/HG003.ont.30x.hg38.vacmap-ont.cram.stats	6938685	94906798668	92.64903940732286	99.22520176918798	98.09302533179824	1.988481207101052	13.897777777777778
HG003	ont	VG Giraffe	vg-ont	6938685	94906798668	6439363	90452716036	87970816405	118442	2.0183400000000002	16058.0			alignment_analysis/logs/logs_VG_VACmap/HG003.ont.30x.hg38.vg-ont.map_sort.log	vg-ont	OK	samtools_stats_30x_Christian/vacmap_vg_stats/HG003.ont.30x.hg38.vg-ont.cram.stats	6938685	94906798668	92.80379495538419	95.30688771035136	92.69179620391239	1.8393434257394714	4.460555555555556
HG003	pb	minimap2	mm2-pb	6621583	93293694245	6607336	93143250746	93073206292	9259	1.343415	6456.592	36.334		run_metrics/mm2.run_metrics.tsv [HG003 pb mm2-ont]	mm2-ont	SUBSTITUTED_PRESET	samtools_stats_30x_Christian/HG003_pb_30x.hg38.mm2-pb.cram.stats.SN.txt	6621583	93293694245	99.78483996953598	99.83874204980573	99.76366253391042	0.14013211981349216	1.7934977777777776
HG003	pb	pbmm2	pbmm2-pb	6621583	93293694245	6619070	93268858653	92847445611	9379	1.179903	5520	59.809	64	alignment_analysis/logs/Logs_files_pbmm2/HG003.pb.30x.hg38.pbmm2-pb.cram.log	pbmm2-pb	OK	samtools_stats_30x_Christian/HG003_pb_30x.hg38.pbmm2-pb.cram.stats.SN.txt	6621583	93293694245	99.96204835006976	99.97337913113958	99.52167331606775	0.14169664318401226	1.5333333333333334
HG003	pb	VACmap	vacmap-pb	6590883	92941941630	6590883	92941941630	92734592987	81763	0.6953003999999999	33119.0		16	alignment_analysis/logs/logs_VG_VACmap/HG003.pb.30x.hg38.vacmap-pb.map_sort.log	vacmap-pb	OK	samtools_stats_30x_Christian/vacmap_vg_stats/HG003.pb.30x.hg38.vacmap-pb.cram.stats	6621583	93293694245	99.53636464271459	99.62296206850138	99.40070841601391	1.240546979820458	9.199722222222222
HG003	pb	VG Giraffe	vg-pb	6621583	93293694245	6602757	93070386820	92386682869	28591	1.057955	12984.0			alignment_analysis/logs/logs_VG_VACmap/HG003.pb.30x.hg38.vg-pb.map_sort.log	vg-pb	OK	samtools_stats_30x_Christian/vacmap_vg_stats/HG003.pb.30x.hg38.vg-pb.cram.stats	6621583	93293694245	99.71568732129462	99.76064038753405	99.0277891948216	0.4330160870678718	3.6066666666666665
HG004	ont	minimap2	mm2-ont	7046468	93459874103	6741526	93244324332	92835949268	58199	2.8232839999999997	8551.642	38.123		run_metrics/mm2.run_metrics.tsv [HG004 ont mm2-ont]	mm2-ont	OK	samtools_stats_30x_Christian/HG004_ont_30x.hg38.mm2-ont.cram.stats.SN.txt	7046468	93459874103	95.67241347012433	99.76936650828092	99.33241421413388	0.8632911895615325	2.375456111111111
HG004	ont	pbmm2	pbmm2-ont	7046468	93459874103	6718367	93162323710	92288524529	52433	2.519682	5340	63.992	64	alignment_analysis/logs/Logs_files_pbmm2/HG004.ont.30x.hg38.pbmm2-ont.cram.log	pbmm2-ont	OK	samtools_stats_30x_Christian/HG004_ont_30x.hg38.pbmm2-ont.cram.stats.SN.txt	7046468	93459874103	95.34375235933804	99.68162765480288	98.74668184047725	0.7804426283946679	1.4833333333333334
HG004	ont	VACmap	vacmap-ont	6630815	92775444750	6630815	92775444750	91682370246	111031	1.479202	48287.0		16	alignment_analysis/logs/logs_VG_VACmap/HG004.ont.30x.hg38.vacmap-ont.map_sort.log	vacmap-ont	OK	samtools_stats_30x_Christian/vacmap_vg_stats/HG004.ont.30x.hg38.vacmap-ont.cram.stats	7046468	93459874103	94.10125753781895	99.26767571691173	98.09811015255482	1.6744698803993174	13.413055555555555
HG004	ont	VG Giraffe	vg-ont	7046468	93459874103	6616356	89347659978	87357823095	94928	2.039949	17301.0			alignment_analysis/logs/logs_VG_VACmap/HG004.ont.30x.hg38.vg-ont.map_sort.log	vg-ont	OK	samtools_stats_30x_Christian/vacmap_vg_stats/HG004.ont.30x.hg38.vg-ont.cram.stats	7046468	93459874103	93.89606253799776	95.60002175856987	93.4709402654715	1.434747465221037	4.805833333333333
HG004	pb	minimap2	mm2-pb	6491546	93684058210	6477717	93543426134	93484009557	9167	1.275558	6304.022	36.517		run_metrics/mm2.run_metrics.tsv [HG004 pb mm2-ont]	mm2-ont	SUBSTITUTED_PRESET	samtools_stats_30x_Christian/HG004_pb_30x.hg38.mm2-pb.cram.stats.SN.txt	6491546	93684058210	99.78696908255753	99.84988686582645	99.78646457377884	0.14151590753347207	1.7511172222222222
HG004	pb	pbmm2	pbmm2-pb	6491546	93684058210	6489571	93665424495	93277553639	9274	1.133509	4980	60.409	64	alignment_analysis/logs/Logs_files_pbmm2/HG004.pb.30x.hg38.pbmm2-pb.cram.log	pbmm2-pb	OK	samtools_stats_30x_Christian/HG004_pb_30x.hg38.pbmm2-pb.cram.stats.SN.txt	6491546	93684058210	99.9695758144516	99.98011004715633	99.5660899209887	0.14290621059543074	1.3833333333333333
HG004	pb	VACmap	vacmap-pb	6465579	93391532444	6465579	93391532444	93234395565	65151	0.6391919	32137.0		16	alignment_analysis/logs/logs_VG_VACmap/HG004.pb.30x.hg38.vacmap-pb.map_sort.log	vacmap-pb	OK	samtools_stats_30x_Christian/vacmap_vg_stats/HG004.pb.30x.hg38.vacmap-pb.cram.stats	6491546	93684058210	99.59998742980486	99.68775288817626	99.52002223901098	1.007659174839562	8.926944444444445
HG004	pb	VG Giraffe	vg-pb	6491546	93684058210	6474250	93479245879	92825159183	20138	1.005757	12131.0			alignment_analysis/logs/logs_VG_VACmap/HG004.pb.30x.hg38.vg-pb.map_sort.log	vg-pb	OK	samtools_stats_30x_Christian/vacmap_vg_stats/HG004.pb.30x.hg38.vg-pb.cram.stats	6491546	93684058210	99.73356115785053	99.78137974068022	99.08319617722503	0.311047611692474	3.3697222222222223
