table	row	column	report_value	recomputed_value	verdict
Table 1	HG002 ONT	reads_m	5.20	5.20	MATCH
Table 1	HG002 ONT	bases_gb	94.19	94.19	MATCH
Table 1	HG002 ONT	coverage_x	30.4	30.4	MATCH
Table 1	HG002 ONT	mean_read_length_kb	18.1	18.1	MATCH
Table 1	HG003 ONT	reads_m	6.94	6.94	MATCH
Table 1	HG003 ONT	bases_gb	94.91	94.91	MATCH
Table 1	HG003 ONT	coverage_x	30.6	30.6	MATCH
Table 1	HG003 ONT	mean_read_length_kb	13.7	13.7	MATCH
Table 1	HG004 ONT	reads_m	7.05	7.05	MATCH
Table 1	HG004 ONT	bases_gb	93.46	93.46	MATCH
Table 1	HG004 ONT	coverage_x	30.1	30.1	MATCH
Table 1	HG004 ONT	mean_read_length_kb	13.3	13.3	MATCH
Table 1	HG002 PacBio HiFi	reads_m	6.74	6.74	MATCH
Table 1	HG002 PacBio HiFi	bases_gb	94.34	94.34	MATCH
Table 1	HG002 PacBio HiFi	coverage_x	30.4	30.4	MATCH
Table 1	HG002 PacBio HiFi	mean_read_length_kb	14.0	14.0	MATCH
Table 1	HG003 PacBio HiFi	reads_m	6.62	6.62	MATCH
Table 1	HG003 PacBio HiFi	bases_gb	93.29	93.29	MATCH
Table 1	HG003 PacBio HiFi	coverage_x	30.1	30.1	MATCH
Table 1	HG003 PacBio HiFi	mean_read_length_kb	14.1	14.1	MATCH
Table 1	HG004 PacBio HiFi	reads_m	6.49	6.49	MATCH
Table 1	HG004 PacBio HiFi	bases_gb	93.68	93.68	MATCH
Table 1	HG004 PacBio HiFi	coverage_x	30.2	30.2	MATCH
Table 1	HG004 PacBio HiFi	mean_read_length_kb	14.4	14.4	MATCH
Table 2	ONT minimap2	threads	64	not in logs	UNVERIFIABLE_NOT_IN_LOGS
Table 2	ONT minimap2	error_percent	2.95 ± 0.24	2.95 ± 0.24	MATCH
Table 2	ONT minimap2	mapped_reads_percent	96.07 ± 2.12	96.07 ± 2.12	MATCH
Table 2	ONT minimap2	mapped_bases_percent	99.80 ± 0.09	99.80 ± 0.09	MATCH
Table 2	ONT minimap2	cigar_yield_percent	99.38 ± 0.06	99.38 ± 0.06	MATCH
Table 2	ONT minimap2	mq0_reads_percent	0.75 ± 0.28	0.75 ± 0.28	MATCH
Table 2	ONT minimap2	runtime_hours	2.47 ± 0.09	2.47 ± 0.09	MATCH
Table 2	ONT minimap2	peak_ram_gb	37.4 ± 0.8	37.4 ± 0.8	MATCH
Table 2	ONT pbmm2	threads	64	64	MATCH
Table 2	ONT pbmm2	error_percent	2.64 ± 0.24	2.64 ± 0.24	MATCH
Table 2	ONT pbmm2	mapped_reads_percent	95.77 ± 2.21	95.77 ± 2.21	MATCH
Table 2	ONT pbmm2	mapped_bases_percent	99.72 ± 0.11	99.72 ± 0.11	MATCH
Table 2	ONT pbmm2	cigar_yield_percent	98.74 ± 0.06	98.74 ± 0.06	MATCH
Table 2	ONT pbmm2	mq0_reads_percent	0.67 ± 0.25	0.67 ± 0.25	MATCH
Table 2	ONT pbmm2	runtime_hours	1.61 ± 0.13	1.61 ± 0.13	MATCH
Table 2	ONT pbmm2	peak_ram_gb	64.6 ± 2.3	64.6 ± 2.3	MATCH
Table 2	ONT VACmap	threads	16	16	MATCH
Table 2	ONT VACmap	error_percent	1.59 ± 0.18	1.59 ± 0.18	MATCH
Table 2	ONT VACmap	mapped_reads_percent	94.66 ± 2.34	94.66 ± 2.34	MATCH
Table 2	ONT VACmap	mapped_bases_percent	99.30 ± 0.09	99.30 ± 0.09	MATCH
Table 2	ONT VACmap	cigar_yield_percent	98.06 ± 0.06	98.06 ± 0.06	MATCH
Table 2	ONT VACmap	mq0_reads_percent	1.79 ± 0.17	1.79 ± 0.17	MATCH
Table 2	ONT VACmap	runtime_hours	13.74 ± 0.29	13.74 ± 0.29	MATCH
Table 2	ONT VACmap	peak_ram_gb	n.m.	n.m.	MATCH
Table 2	ONT VG Giraffe	threads	16	not in logs	UNVERIFIABLE_NOT_IN_LOGS
Table 2	ONT VG Giraffe	error_percent	2.12 ± 0.16	2.12 ± 0.16	MATCH
Table 2	ONT VG Giraffe	mapped_reads_percent	93.73 ± 0.86	93.73 ± 0.86	MATCH
Table 2	ONT VG Giraffe	mapped_bases_percent	95.31 ± 0.29	95.31 ± 0.29	MATCH
Table 2	ONT VG Giraffe	cigar_yield_percent	92.73 ± 0.72	92.73 ± 0.72	MATCH
Table 2	ONT VG Giraffe	mq0_reads_percent	1.28 ± 0.65	1.28 ± 0.65	MATCH
Table 2	ONT VG Giraffe	runtime_hours	4.24 ± 0.71	4.24 ± 0.71	MATCH
Table 2	ONT VG Giraffe	peak_ram_gb	n.m.	n.m.	MATCH
Table 2	PacBio HiFi minimap2	threads	64	not in logs	UNVERIFIABLE_NOT_IN_LOGS
Table 2	PacBio HiFi minimap2	error_percent	1.34 ± 0.06	1.34 ± 0.06	MATCH
Table 2	PacBio HiFi minimap2	mapped_reads_percent	99.77 ± 0.02	99.77 ± 0.02	MATCH
Table 2	PacBio HiFi minimap2	mapped_bases_percent	99.84 ± 0.02	99.84 ± 0.02	MATCH
Table 2	PacBio HiFi minimap2	cigar_yield_percent	99.76 ± 0.03	99.76 ± 0.03	MATCH
Table 2	PacBio HiFi minimap2	mq0_reads_percent	0.14 ± 0.01	0.14 ± 0.01	MATCH
Table 2	PacBio HiFi minimap2	runtime_hours	1.55 ± 0.38	1.55 ± 0.38	MATCH_WITH_SUBSTITUTED_PRESET (HG003:mm2-ont,HG004:mm2-ont)
Table 2	PacBio HiFi minimap2	peak_ram_gb	38.2 ± 3.1	38.2 ± 3.1	MATCH_WITH_SUBSTITUTED_PRESET (HG003:mm2-ont,HG004:mm2-ont)
Table 2	PacBio HiFi pbmm2	threads	64	64	MATCH
Table 2	PacBio HiFi pbmm2	error_percent	1.18 ± 0.04	1.18 ± 0.04	MATCH
Table 2	PacBio HiFi pbmm2	mapped_reads_percent	99.96 ± 0.00	99.96 ± 0.00	MATCH
Table 2	PacBio HiFi pbmm2	mapped_bases_percent	99.98 ± 0.00	99.98 ± 0.00	MATCH
Table 2	PacBio HiFi pbmm2	cigar_yield_percent	99.53 ± 0.04	99.53 ± 0.04	MATCH
Table 2	PacBio HiFi pbmm2	mq0_reads_percent	0.15 ± 0.01	0.15 ± 0.01	MATCH
Table 2	PacBio HiFi pbmm2	runtime_hours	1.45 ± 0.08	1.45 ± 0.08	MATCH_WITH_SUBSTITUTED_PRESET (HG002:pbmm2-ont)
Table 2	PacBio HiFi pbmm2	peak_ram_gb	62.0 ± 3.3	62.0 ± 3.3	MATCH_WITH_SUBSTITUTED_PRESET (HG002:pbmm2-ont)
Table 2	PacBio HiFi VACmap	threads	16	16	MATCH
Table 2	PacBio HiFi VACmap	error_percent	0.68 ± 0.03	0.68 ± 0.03	MATCH
Table 2	PacBio HiFi VACmap	mapped_reads_percent	99.54 ± 0.06	99.54 ± 0.06	MATCH
Table 2	PacBio HiFi VACmap	mapped_bases_percent	99.63 ± 0.06	99.63 ± 0.06	MATCH
Table 2	PacBio HiFi VACmap	cigar_yield_percent	99.42 ± 0.09	99.42 ± 0.09	MATCH
Table 2	PacBio HiFi VACmap	mq0_reads_percent	1.18 ± 0.15	1.18 ± 0.15	MATCH
Table 2	PacBio HiFi VACmap	runtime_hours	9.21 ± 0.29	9.21 ± 0.29	MATCH
Table 2	PacBio HiFi VACmap	peak_ram_gb	n.m.	n.m.	MATCH
Table 2	PacBio HiFi VG Giraffe	threads	16	not in logs	UNVERIFIABLE_NOT_IN_LOGS
Table 2	PacBio HiFi VG Giraffe	error_percent	1.04 ± 0.03	1.04 ± 0.03	MATCH
Table 2	PacBio HiFi VG Giraffe	mapped_reads_percent	99.71 ± 0.03	99.71 ± 0.03	MATCH
Table 2	PacBio HiFi VG Giraffe	mapped_bases_percent	99.76 ± 0.02	99.76 ± 0.02	MATCH
Table 2	PacBio HiFi VG Giraffe	cigar_yield_percent	99.04 ± 0.04	99.04 ± 0.04	MATCH
Table 2	PacBio HiFi VG Giraffe	mq0_reads_percent	0.41 ± 0.08	0.41 ± 0.08	MATCH
Table 2	PacBio HiFi VG Giraffe	runtime_hours	3.59 ± 0.22	3.59 ± 0.22	MATCH
Table 2	PacBio HiFi VG Giraffe	peak_ram_gb	n.m.	n.m.	MATCH
Table S1	ONT	n	12	12	MATCH
Table S1	ONT	pearson_r	0.356	0.356	MATCH
Table S1	ONT	pearson_p	0.256	0.256	MATCH
Table S1	ONT	spearman_rho	0.734	0.734	MATCH
Table S1	ONT	spearman_p	0.0065	0.0065	MATCH
Table S1	ONT	r_squared	0.127	0.127	MATCH
Table S1	ONT	shapiro_residual_W	0.890	0.890	MATCH
Table S1	ONT	shapiro_residual_p	0.1168	0.1168	MATCH
Table S1	PacBio	n	12	12	MATCH
Table S1	PacBio	pearson_r	0.406	0.406	MATCH
Table S1	PacBio	pearson_p	0.191	0.191	MATCH
Table S1	PacBio	spearman_rho	0.650	0.650	MATCH
Table S1	PacBio	spearman_p	0.0220	0.0220	MATCH
Table S1	PacBio	r_squared	0.164	0.165	ROUNDING_EDGE (report 0.164497, raw 0.164511)
Table S1	PacBio	shapiro_residual_W	0.773	0.773	MATCH
Table S1	PacBio	shapiro_residual_p	0.0047	0.0047	MATCH
