sample	assembler	technology	representation	input_mode	final_fasta	total_length	expected_genome_representation	duplication_ratio	N_per_100kb	N_count	contig_count_original	N50_original	N50_original_type	N90_original	max_sequence_length	contig_count_standardized	contig_N50_standardized	standardized_source	genome_fraction	misassemblies	mismatches_per_100kb	indels_per_100kb	comparable_contiguity	comparable_reference_metrics	reference_metrics_detail	notes	quast_report
HG002	Flye	ONT	haploid-like primary assembly	ONT-only	/data/genmedbfx/yu_j/lrs_benchmarking/assemblies/flye/HG002.ont.30x/assembly.fasta	2951006445	haploid (GRCh38 length 3100885153)	1.014	0.00	NA	2057	30226142	contig (no N gaps within QUAST rounding)	2872371	108420733	2057	30226142	QUAST report.tsv; no gap split needed (N per 100kb = 0.00)	96.827	4888	144.66	31.86	yes	yes	all four reference metrics comparable	flye 2.9.6 --nano-hq, default haplotype collapsing; dup 1.01 and ~2.95 Gb consistent with haploid-like output; N per 100kb 0.00 bounds N content to <~150 bp (at most one Flye 100-N gap) - exact N_count pending FASTA scan	assembly_quality/quast/flye/HG002.ont.30x/report.tsv
HG003	Flye	ONT	haploid-like primary assembly	ONT-only	/data/genmedbfx/yu_j/lrs_benchmarking/assemblies/flye/HG003.ont.30x/assembly.fasta	2950909603	haploid (GRCh38 length 3100885153)	1.014	0.00	NA	1977	33606050	contig (no N gaps within QUAST rounding)	3529164	109836500	1977	33606050	QUAST report.tsv; no gap split needed (N per 100kb = 0.00)	96.877	4650	143.40	31.33	yes	yes	all four reference metrics comparable	as HG002 Flye ONT	assembly_quality/quast/flye/HG003.ont.30x/report.tsv
HG004	Flye	ONT	haploid-like primary assembly	ONT-only	/data/genmedbfx/yu_j/lrs_benchmarking/assemblies/flye/HG004.ont.30x/assembly.fasta	2937111870	haploid (GRCh38 length 3100885153)	1.013	0.00	NA	2026	31585363	contig (no N gaps within QUAST rounding)	3197003	109867773	2026	31585363	QUAST report.tsv; no gap split needed (N per 100kb = 0.00)	96.308	4104	140.90	31.37	yes	yes	all four reference metrics comparable	as HG002 Flye ONT	assembly_quality/quast/flye/HG004.ont.30x/report.tsv
HG002	Flye	HiFi	unknown	HiFi-only	/data/genmedbfx/yu_j/lrs_benchmarking/assemblies/flye/HG002.pb.30x/assembly.fasta	3953702635	haploid (GRCh38 length 3100885153)	1.325	0.00	NA	27777	526356	contig on a ~1.27x-reference-size FASTA	46166	22160581	NA	NA	pending assembly_info.txt / FASTA check	98.394	10496	192.78	31.47	no	no	genome_fraction: interpretable; mismatch/indel per 100kb: interpretable (per aligned base); misassemblies: not comparable (absolute count over ~0.85 Gb excess sequence)	workflow ran flye --pacbio-hifi without --keep-haplotypes (expected collapsed) yet total is 3.95 Gb and dup 1.33; possible retained redundant/haplotig sequence - not yet confirmed (assembly_info.txt and flye.log not available locally); N50 is deflated by the excess sequence	assembly_quality/quast/flye/HG002.pb.30x/report.tsv
HG003	Flye	HiFi	unknown	HiFi-only	/data/genmedbfx/yu_j/lrs_benchmarking/assemblies/flye/HG003.pb.30x/assembly.fasta	3967282588	haploid (GRCh38 length 3100885153)	1.332	0.00	NA	27727	442865	contig on a ~1.28x-reference-size FASTA	48802	41701037	NA	NA	pending assembly_info.txt / FASTA check	98.425	11087	190.92	31.36	no	no	as HG002 Flye HiFi	as HG002 Flye HiFi	assembly_quality/quast/flye/HG003.pb.30x/report.tsv
HG004	Flye	HiFi	unknown	HiFi-only	/data/genmedbfx/yu_j/lrs_benchmarking/assemblies/flye/HG004.pb.30x/assembly.fasta	3966820401	haploid (GRCh38 length 3100885153)	1.342	0.00	NA	27957	433837	contig on a ~1.28x-reference-size FASTA	47776	8456388	NA	NA	pending assembly_info.txt / FASTA check	97.758	10463	189.56	31.47	no	no	as HG002 Flye HiFi	as HG002 Flye HiFi	assembly_quality/quast/flye/HG004.pb.30x/report.tsv
HG002	GoldRush	ONT	scaffolded assembly	ONT-only	/home/stoiber_l/smbshare/lrs_benchmarking/goldrush/HG002.ont.30x/assembly.fasta	2322482594	haploid (GRCh38 length 3100885153)	1.037	208.88	NA	19375	402288	scaffold	100276	2157722	NA	NA	pending gap split (fasta_comparability_stats.py)	75.813	5081	154.86	52.17	no	yes	genome_fraction and mismatch/indel rates: comparable; misassemblies: comparable (QUAST lists scaffold-gap misassemblies separately: 2 ext. / 132 loc.)	workflow copies *ntLink-5rounds.polished.fa; N gaps present and QUAST ran without --split-scaffolds, so N50/count are scaffold-level; dup ~1.04 is haploid-like; low genome fraction is a real result, not a representation artifact	assembly_quality/quast/goldrush/HG002.ont.30x/report.tsv
HG003	GoldRush	ONT	scaffolded assembly	ONT-only	/home/stoiber_l/smbshare/lrs_benchmarking/goldrush/HG003.ont.30x/assembly.fasta	2439465824	haploid (GRCh38 length 3100885153)	1.041	211.20	NA	17411	605061	scaffold	135928	4452991	NA	NA	pending gap split (fasta_comparability_stats.py)	79.422	4131	149.87	49.45	no	yes	as HG002 GoldRush ONT (scaffold gap mis.: 1 ext. / 138 loc.)	as HG002 GoldRush ONT	assembly_quality/quast/goldrush/HG003.ont.30x/report.tsv
HG004	GoldRush	ONT	scaffolded assembly	ONT-only	/home/stoiber_l/smbshare/lrs_benchmarking/goldrush/HG004.ont.30x/assembly.fasta	1993432862	haploid (GRCh38 length 3100885153)	1.026	232.71	NA	18176	325749	scaffold	82786	2492655	NA	NA	pending gap split (fasta_comparability_stats.py)	65.802	3729	154.73	51.14	no	yes	as HG002 GoldRush ONT (scaffold gap mis.: 3 ext. / 95 loc.)	as HG002 GoldRush ONT	assembly_quality/quast/goldrush/HG004.ont.30x/report.tsv
HG002	GoldRush	HiFi	scaffolded assembly	HiFi-only	/home/stoiber_l/smbshare/lrs_benchmarking/goldrush/HG002.pb.30x/assembly.fasta	2033063311	haploid (GRCh38 length 3100885153)	1.016	160.68	NA	29624	144932	scaffold	41695	1009462	NA	NA	pending gap split (fasta_comparability_stats.py)	67.940	2681	123.40	33.92	no	yes	as HG002 GoldRush ONT (scaffold gap mis.: 5 ext. / 164 loc.)	as HG002 GoldRush ONT	assembly_quality/quast/goldrush/HG002.pb.30x/report.tsv
HG003	GoldRush	HiFi	scaffolded assembly	HiFi-only	/home/stoiber_l/smbshare/lrs_benchmarking/goldrush/HG003.pb.30x/assembly.fasta	2013778042	haploid (GRCh38 length 3100885153)	1.023	162.29	NA	31691	137715	scaffold	38416	908476	NA	NA	pending gap split (fasta_comparability_stats.py)	66.819	3498	122.56	34.02	no	yes	as HG002 GoldRush ONT (scaffold gap mis.: 3 ext. / 189 loc.)	as HG002 GoldRush ONT	assembly_quality/quast/goldrush/HG003.pb.30x/report.tsv
HG004	GoldRush	HiFi	scaffolded assembly	HiFi-only	/home/stoiber_l/smbshare/lrs_benchmarking/goldrush/HG004.pb.30x/assembly.fasta	2081072065	haploid (GRCh38 length 3100885153)	1.020	156.55	NA	28929	157735	scaffold	44207	1103605	NA	NA	pending gap split (fasta_comparability_stats.py)	69.245	3005	122.40	35.03	no	yes	as HG002 GoldRush ONT (scaffold gap mis.: 3 ext. / 178 loc.)	as HG002 GoldRush ONT	assembly_quality/quast/goldrush/HG004.pb.30x/report.tsv
HG002	Verkko	ONT+HiFi	diploid / haplotype-resolved assembly	ONT+HiFi hybrid	/home/stoiber_l/smbshare/lrs_benchmarking/verkko/HG002/assembly.fasta	6110652156	diploid (~2 x 3.1 Gb)	2.048	0.00	NA	39458	428845	pooled diploid contig	53888	43599830	NA	NA	per-haplotype FASTAs not produced by workflow (no Hi-C/trio/Pore-C input)	98.810	17894	178.86	32.33	no	no	QUAST ran on the combined diploid FASTA vs haploid GRCh38 (dup ~2.05 confirms); genome_fraction: interpretable; mismatch/indel per 100kb: interpretable with caveat; misassemblies: not comparable (absolute count over ~2x sequence)	verkko 2.3.2 --hifi --nano, no phasing data; workflow copies work/assembly.fasta only; pooled N50 is not comparable to a haploid contig N50; depth labelled unknown in QUAST table but workflow inputs are {sample}.pb.30x + {sample}.ont.30x	assembly_quality/quast/verkko/HG002/report.tsv
HG003	Verkko	ONT+HiFi	diploid / haplotype-resolved assembly	ONT+HiFi hybrid	/home/stoiber_l/smbshare/lrs_benchmarking/verkko/HG003/assembly.fasta	6083857631	diploid (~2 x 3.1 Gb)	2.044	0.00	NA	36605	460975	pooled diploid contig	58584	49786554	NA	NA	per-haplotype FASTAs not produced by workflow (no Hi-C/trio/Pore-C input)	98.809	18792	180.39	32.26	no	no	as HG002 Verkko	as HG002 Verkko	assembly_quality/quast/verkko/HG003/report.tsv
HG004	Verkko	ONT+HiFi	diploid / haplotype-resolved assembly	ONT+HiFi hybrid	/home/stoiber_l/smbshare/lrs_benchmarking/verkko/HG004/assembly.fasta	6143892342	diploid (~2 x 3.1 Gb)	2.090	0.00	NA	37841	438516	pooled diploid contig	57631	9787434	NA	NA	per-haplotype FASTAs not produced by workflow (no Hi-C/trio/Pore-C input)	98.057	16674	169.55	31.97	no	no	as HG002 Verkko	as HG002 Verkko	assembly_quality/quast/verkko/HG004/report.tsv
