assembler	sample	technology	contigs	assembly_length_bp	reference_bases_covered	depth1_pct	depth2_pct	depth3plus_pct	contained_contigs	contained_length_bp	contained_length_pct_of_assembly	contained_median_length_bp	n50_all	n50_without_contained	ng50_all	ng50_without_contained	length_without_contained_bp	source_file
flye	HG002	ont	2057	2951006445	2841472139	99.57	0.32	0.11	471	25222262	0.85	33948	30226142	31435839	29015618	29015618	2925784183	/mnt/d/Master Germany/F2 internship/quast/quast/flye/HG002.ont.30x/contigs_reports/all_alignments_assembly.tsv
flye	HG002	pb	27777	3953702635	2887482195	75.51	19.68	4.8	18225	898724632	22.73	34779	526356	806241	795451	791094	3054978003	/mnt/d/Master Germany/F2 internship/quast/quast/flye/HG002.pb.30x/contigs_reports/all_alignments_assembly.tsv
flye	HG003	ont	1977	2950909603	2842894038	99.58	0.31	0.11	531	27819545	0.94	29168	33606050	33606050	33412447	33412447	2923090058	/mnt/d/Master Germany/F2 internship/quast/quast/flye/HG003.ont.30x/contigs_reports/all_alignments_assembly.tsv
flye	HG003	pb	27727	3967282588	2888480856	74.46	20.98	4.56	17638	921056825	23.22	35998	442865	727743	714928	711797	3046225763	/mnt/d/Master Germany/F2 internship/quast/quast/flye/HG003.pb.30x/contigs_reports/all_alignments_assembly.tsv
flye	HG004	ont	2026	2937111870	2826274611	99.57	0.32	0.11	499	21453669	0.73	23638	31585363	31585363	29661014	29661014	2915658201	/mnt/d/Master Germany/F2 internship/quast/quast/flye/HG004.ont.30x/contigs_reports/all_alignments_assembly.tsv
flye	HG004	pb	27957	3966820401	2868859298	73.34	22.0	4.66	17792	929435971	23.43	36599	433837	712913	694868	691158	3037384430	/mnt/d/Master Germany/F2 internship/quast/quast/flye/HG004.pb.30x/contigs_reports/all_alignments_assembly.tsv
goldrush	HG002	ont	19375	2322482594	2224759535	96.26	3.7	0.04	6005	58269585	2.51	4996	402288	410598	273675	273675	2264213009	/mnt/d/Master Germany/F2 internship/quast/quast/goldrush/HG002.ont.30x/contigs_reports/all_alignments_assembly.tsv
goldrush	HG002	pb	29624	2033063311	1993748431	98.43	1.56	0.01	4111	24980320	1.23	4999	144932	146619	77381	77381	2008082991	/mnt/d/Master Germany/F2 internship/quast/quast/goldrush/HG002.pb.30x/contigs_reports/all_alignments_assembly.tsv
goldrush	HG003	ont	17411	2439465824	2330663883	95.88	4.07	0.05	6796	73069128	3.0	4999	605061	620390	442494	442494	2366396696	/mnt/d/Master Germany/F2 internship/quast/quast/goldrush/HG003.ont.30x/contigs_reports/all_alignments_assembly.tsv
goldrush	HG003	pb	31691	2013778042	1960827866	97.71	2.27	0.01	5437	35947395	1.79	5334	137715	140006	71508	71508	1977830647	/mnt/d/Master Germany/F2 internship/quast/quast/goldrush/HG003.pb.30x/contigs_reports/all_alignments_assembly.tsv
goldrush	HG004	ont	18176	1993432862	1930977961	97.37	2.6	0.03	4209	34954302	1.75	3911	325749	329687	156851	156851	1958478560	/mnt/d/Master Germany/F2 internship/quast/quast/goldrush/HG004.ont.30x/contigs_reports/all_alignments_assembly.tsv
goldrush	HG004	pb	28929	2081072065	2032071206	97.97	2.01	0.01	4908	32708489	1.57	5272	157735	160313	88510	88510	2048363576	/mnt/d/Master Germany/F2 internship/quast/quast/goldrush/HG004.pb.30x/contigs_reports/all_alignments_assembly.tsv
verkko	HG002	hybrid	39458	6110652156	2899702183	16.22	69.84	13.94	18187	2569918461	42.06	42064	428845	414244	906579	507907	3540733695	/mnt/d/Master Germany/F2 internship/quast/quast/verkko/HG002/contigs_reports/all_alignments_assembly.tsv
verkko	HG003	hybrid	36605	6083857631	2899662938	16.37	70.31	13.32	17347	2560884263	42.09	42194	460975	458395	962223	558473	3522973368	/mnt/d/Master Germany/F2 internship/quast/quast/verkko/HG003/contigs_reports/all_alignments_assembly.tsv
verkko	HG004	hybrid	37841	6143892342	2877599931	11.34	74.37	14.28	17141	2640184403	42.97	44671	438516	402906	885059	495244	3503707939	/mnt/d/Master Germany/F2 internship/quast/quast/verkko/HG004/contigs_reports/all_alignments_assembly.tsv
