panel	column	strategy	method	technology	configuration	sample	representation	metric	y_label	value	unit	count_type	numerator	denominator	source_file	source_columns
a	left	Alignment-based	minimap2	ONT	minimap2 (ONT)	HG002	read alignment	NM edit distance per 100 kbp	Edit distance / 100 kbp aligned bases	3227.28	per 100 kbp	bases (substituted + inserted + deleted)	samtools stats mismatches = summed NM tag	CIGAR-mapped read bases (bases_mapped_cigar: M/=/X/I)	alignment_analysis/tables/30x/final/alignment_benchmark_30x.tsv	mismatches; bases_mapped_cigar
a	left	Alignment-based	pbmm2	ONT	pbmm2 (ONT)	HG002	read alignment	NM edit distance per 100 kbp	Edit distance / 100 kbp aligned bases	2916.5	per 100 kbp	bases (substituted + inserted + deleted)	samtools stats mismatches = summed NM tag	CIGAR-mapped read bases (bases_mapped_cigar: M/=/X/I)	alignment_analysis/tables/30x/final/alignment_benchmark_30x.tsv	mismatches; bases_mapped_cigar
a	left	Alignment-based	VACmap	ONT	VACmap (ONT)	HG002	read alignment	NM edit distance per 100 kbp	Edit distance / 100 kbp aligned bases	1794.23	per 100 kbp	bases (substituted + inserted + deleted)	samtools stats mismatches = summed NM tag	CIGAR-mapped read bases (bases_mapped_cigar: M/=/X/I)	alignment_analysis/tables/30x/final/alignment_benchmark_30x.tsv	mismatches; bases_mapped_cigar
a	left	Alignment-based	VG Giraffe	ONT	VG Giraffe (ONT)	HG002	read alignment	NM edit distance per 100 kbp	Edit distance / 100 kbp aligned bases	2310.18	per 100 kbp	bases (substituted + inserted + deleted)	samtools stats mismatches = summed NM tag	CIGAR-mapped read bases (bases_mapped_cigar: M/=/X/I)	alignment_analysis/tables/30x/final/alignment_benchmark_30x.tsv	mismatches; bases_mapped_cigar
a	left	Alignment-based	minimap2	HiFi	minimap2 (HiFi)	HG002	read alignment	NM edit distance per 100 kbp	Edit distance / 100 kbp aligned bases	1391.65	per 100 kbp	bases (substituted + inserted + deleted)	samtools stats mismatches = summed NM tag	CIGAR-mapped read bases (bases_mapped_cigar: M/=/X/I)	alignment_analysis/tables/30x/final/alignment_benchmark_30x.tsv	mismatches; bases_mapped_cigar
a	left	Alignment-based	pbmm2	HiFi	pbmm2 (HiFi)	HG002	read alignment	NM edit distance per 100 kbp	Edit distance / 100 kbp aligned bases	1218.67	per 100 kbp	bases (substituted + inserted + deleted)	samtools stats mismatches = summed NM tag	CIGAR-mapped read bases (bases_mapped_cigar: M/=/X/I)	alignment_analysis/tables/30x/final/alignment_benchmark_30x.tsv	mismatches; bases_mapped_cigar
a	left	Alignment-based	VACmap	HiFi	VACmap (HiFi)	HG002	read alignment	NM edit distance per 100 kbp	Edit distance / 100 kbp aligned bases	693.545	per 100 kbp	bases (substituted + inserted + deleted)	samtools stats mismatches = summed NM tag	CIGAR-mapped read bases (bases_mapped_cigar: M/=/X/I)	alignment_analysis/tables/30x/final/alignment_benchmark_30x.tsv	mismatches; bases_mapped_cigar
a	left	Alignment-based	VG Giraffe	HiFi	VG Giraffe (HiFi)	HG002	read alignment	NM edit distance per 100 kbp	Edit distance / 100 kbp aligned bases	1070.65	per 100 kbp	bases (substituted + inserted + deleted)	samtools stats mismatches = summed NM tag	CIGAR-mapped read bases (bases_mapped_cigar: M/=/X/I)	alignment_analysis/tables/30x/final/alignment_benchmark_30x.tsv	mismatches; bases_mapped_cigar
a	left	Alignment-based	minimap2	ONT	minimap2 (ONT)	HG003	read alignment	NM edit distance per 100 kbp	Edit distance / 100 kbp aligned bases	2807.87	per 100 kbp	bases (substituted + inserted + deleted)	samtools stats mismatches = summed NM tag	CIGAR-mapped read bases (bases_mapped_cigar: M/=/X/I)	alignment_analysis/tables/30x/final/alignment_benchmark_30x.tsv	mismatches; bases_mapped_cigar
a	left	Alignment-based	pbmm2	ONT	pbmm2 (ONT)	HG003	read alignment	NM edit distance per 100 kbp	Edit distance / 100 kbp aligned bases	2489.02	per 100 kbp	bases (substituted + inserted + deleted)	samtools stats mismatches = summed NM tag	CIGAR-mapped read bases (bases_mapped_cigar: M/=/X/I)	alignment_analysis/tables/30x/final/alignment_benchmark_30x.tsv	mismatches; bases_mapped_cigar
a	left	Alignment-based	VACmap	ONT	VACmap (ONT)	HG003	read alignment	NM edit distance per 100 kbp	Edit distance / 100 kbp aligned bases	1481.67	per 100 kbp	bases (substituted + inserted + deleted)	samtools stats mismatches = summed NM tag	CIGAR-mapped read bases (bases_mapped_cigar: M/=/X/I)	alignment_analysis/tables/30x/final/alignment_benchmark_30x.tsv	mismatches; bases_mapped_cigar
a	left	Alignment-based	VG Giraffe	ONT	VG Giraffe (ONT)	HG003	read alignment	NM edit distance per 100 kbp	Edit distance / 100 kbp aligned bases	2018.34	per 100 kbp	bases (substituted + inserted + deleted)	samtools stats mismatches = summed NM tag	CIGAR-mapped read bases (bases_mapped_cigar: M/=/X/I)	alignment_analysis/tables/30x/final/alignment_benchmark_30x.tsv	mismatches; bases_mapped_cigar
a	left	Alignment-based	minimap2	HiFi	minimap2 (HiFi)	HG003	read alignment	NM edit distance per 100 kbp	Edit distance / 100 kbp aligned bases	1343.42	per 100 kbp	bases (substituted + inserted + deleted)	samtools stats mismatches = summed NM tag	CIGAR-mapped read bases (bases_mapped_cigar: M/=/X/I)	alignment_analysis/tables/30x/final/alignment_benchmark_30x.tsv	mismatches; bases_mapped_cigar
a	left	Alignment-based	pbmm2	HiFi	pbmm2 (HiFi)	HG003	read alignment	NM edit distance per 100 kbp	Edit distance / 100 kbp aligned bases	1179.9	per 100 kbp	bases (substituted + inserted + deleted)	samtools stats mismatches = summed NM tag	CIGAR-mapped read bases (bases_mapped_cigar: M/=/X/I)	alignment_analysis/tables/30x/final/alignment_benchmark_30x.tsv	mismatches; bases_mapped_cigar
a	left	Alignment-based	VACmap	HiFi	VACmap (HiFi)	HG003	read alignment	NM edit distance per 100 kbp	Edit distance / 100 kbp aligned bases	695.3	per 100 kbp	bases (substituted + inserted + deleted)	samtools stats mismatches = summed NM tag	CIGAR-mapped read bases (bases_mapped_cigar: M/=/X/I)	alignment_analysis/tables/30x/final/alignment_benchmark_30x.tsv	mismatches; bases_mapped_cigar
a	left	Alignment-based	VG Giraffe	HiFi	VG Giraffe (HiFi)	HG003	read alignment	NM edit distance per 100 kbp	Edit distance / 100 kbp aligned bases	1057.96	per 100 kbp	bases (substituted + inserted + deleted)	samtools stats mismatches = summed NM tag	CIGAR-mapped read bases (bases_mapped_cigar: M/=/X/I)	alignment_analysis/tables/30x/final/alignment_benchmark_30x.tsv	mismatches; bases_mapped_cigar
a	left	Alignment-based	minimap2	ONT	minimap2 (ONT)	HG004	read alignment	NM edit distance per 100 kbp	Edit distance / 100 kbp aligned bases	2823.28	per 100 kbp	bases (substituted + inserted + deleted)	samtools stats mismatches = summed NM tag	CIGAR-mapped read bases (bases_mapped_cigar: M/=/X/I)	alignment_analysis/tables/30x/final/alignment_benchmark_30x.tsv	mismatches; bases_mapped_cigar
a	left	Alignment-based	pbmm2	ONT	pbmm2 (ONT)	HG004	read alignment	NM edit distance per 100 kbp	Edit distance / 100 kbp aligned bases	2519.68	per 100 kbp	bases (substituted + inserted + deleted)	samtools stats mismatches = summed NM tag	CIGAR-mapped read bases (bases_mapped_cigar: M/=/X/I)	alignment_analysis/tables/30x/final/alignment_benchmark_30x.tsv	mismatches; bases_mapped_cigar
a	left	Alignment-based	VACmap	ONT	VACmap (ONT)	HG004	read alignment	NM edit distance per 100 kbp	Edit distance / 100 kbp aligned bases	1479.2	per 100 kbp	bases (substituted + inserted + deleted)	samtools stats mismatches = summed NM tag	CIGAR-mapped read bases (bases_mapped_cigar: M/=/X/I)	alignment_analysis/tables/30x/final/alignment_benchmark_30x.tsv	mismatches; bases_mapped_cigar
a	left	Alignment-based	VG Giraffe	ONT	VG Giraffe (ONT)	HG004	read alignment	NM edit distance per 100 kbp	Edit distance / 100 kbp aligned bases	2039.95	per 100 kbp	bases (substituted + inserted + deleted)	samtools stats mismatches = summed NM tag	CIGAR-mapped read bases (bases_mapped_cigar: M/=/X/I)	alignment_analysis/tables/30x/final/alignment_benchmark_30x.tsv	mismatches; bases_mapped_cigar
a	left	Alignment-based	minimap2	HiFi	minimap2 (HiFi)	HG004	read alignment	NM edit distance per 100 kbp	Edit distance / 100 kbp aligned bases	1275.56	per 100 kbp	bases (substituted + inserted + deleted)	samtools stats mismatches = summed NM tag	CIGAR-mapped read bases (bases_mapped_cigar: M/=/X/I)	alignment_analysis/tables/30x/final/alignment_benchmark_30x.tsv	mismatches; bases_mapped_cigar
a	left	Alignment-based	pbmm2	HiFi	pbmm2 (HiFi)	HG004	read alignment	NM edit distance per 100 kbp	Edit distance / 100 kbp aligned bases	1133.51	per 100 kbp	bases (substituted + inserted + deleted)	samtools stats mismatches = summed NM tag	CIGAR-mapped read bases (bases_mapped_cigar: M/=/X/I)	alignment_analysis/tables/30x/final/alignment_benchmark_30x.tsv	mismatches; bases_mapped_cigar
a	left	Alignment-based	VACmap	HiFi	VACmap (HiFi)	HG004	read alignment	NM edit distance per 100 kbp	Edit distance / 100 kbp aligned bases	639.192	per 100 kbp	bases (substituted + inserted + deleted)	samtools stats mismatches = summed NM tag	CIGAR-mapped read bases (bases_mapped_cigar: M/=/X/I)	alignment_analysis/tables/30x/final/alignment_benchmark_30x.tsv	mismatches; bases_mapped_cigar
a	left	Alignment-based	VG Giraffe	HiFi	VG Giraffe (HiFi)	HG004	read alignment	NM edit distance per 100 kbp	Edit distance / 100 kbp aligned bases	1005.76	per 100 kbp	bases (substituted + inserted + deleted)	samtools stats mismatches = summed NM tag	CIGAR-mapped read bases (bases_mapped_cigar: M/=/X/I)	alignment_analysis/tables/30x/final/alignment_benchmark_30x.tsv	mismatches; bases_mapped_cigar
a	right	Assembly-based	Flye	ONT	Flye (ONT)	HG002	collapsed haploid	QUAST mismatches per 100 kbp	QUAST mismatches / 100 kbp aligned contig bases	144.66	per 100 kbp	substituted bases	QUAST # mismatches (substitutions only)	QUAST total aligned contig length	assembly_analysis/tables/30x/final/assembly_benchmark_30x.tsv	mismatches_per_100kbp
a	right	Assembly-based	Flye	ONT	Flye (ONT)	HG003	collapsed haploid	QUAST mismatches per 100 kbp	QUAST mismatches / 100 kbp aligned contig bases	143.4	per 100 kbp	substituted bases	QUAST # mismatches (substitutions only)	QUAST total aligned contig length	assembly_analysis/tables/30x/final/assembly_benchmark_30x.tsv	mismatches_per_100kbp
a	right	Assembly-based	Flye	ONT	Flye (ONT)	HG004	collapsed haploid	QUAST mismatches per 100 kbp	QUAST mismatches / 100 kbp aligned contig bases	140.9	per 100 kbp	substituted bases	QUAST # mismatches (substitutions only)	QUAST total aligned contig length	assembly_analysis/tables/30x/final/assembly_benchmark_30x.tsv	mismatches_per_100kbp
a	right	Assembly-based	GoldRush	ONT	GoldRush (ONT)	HG002	collapsed haploid	QUAST mismatches per 100 kbp	QUAST mismatches / 100 kbp aligned contig bases	154.86	per 100 kbp	substituted bases	QUAST # mismatches (substitutions only)	QUAST total aligned contig length	assembly_analysis/tables/30x/final/assembly_benchmark_30x.tsv	mismatches_per_100kbp
a	right	Assembly-based	GoldRush	ONT	GoldRush (ONT)	HG003	collapsed haploid	QUAST mismatches per 100 kbp	QUAST mismatches / 100 kbp aligned contig bases	149.87	per 100 kbp	substituted bases	QUAST # mismatches (substitutions only)	QUAST total aligned contig length	assembly_analysis/tables/30x/final/assembly_benchmark_30x.tsv	mismatches_per_100kbp
a	right	Assembly-based	GoldRush	ONT	GoldRush (ONT)	HG004	collapsed haploid	QUAST mismatches per 100 kbp	QUAST mismatches / 100 kbp aligned contig bases	154.73	per 100 kbp	substituted bases	QUAST # mismatches (substitutions only)	QUAST total aligned contig length	assembly_analysis/tables/30x/final/assembly_benchmark_30x.tsv	mismatches_per_100kbp
a	right	Assembly-based	Flye	HiFi	Flye (HiFi)	HG002	collapsed haploid	QUAST mismatches per 100 kbp	QUAST mismatches / 100 kbp aligned contig bases	192.78	per 100 kbp	substituted bases	QUAST # mismatches (substitutions only)	QUAST total aligned contig length	assembly_analysis/tables/30x/final/assembly_benchmark_30x.tsv	mismatches_per_100kbp
a	right	Assembly-based	Flye	HiFi	Flye (HiFi)	HG003	collapsed haploid	QUAST mismatches per 100 kbp	QUAST mismatches / 100 kbp aligned contig bases	190.92	per 100 kbp	substituted bases	QUAST # mismatches (substitutions only)	QUAST total aligned contig length	assembly_analysis/tables/30x/final/assembly_benchmark_30x.tsv	mismatches_per_100kbp
a	right	Assembly-based	Flye	HiFi	Flye (HiFi)	HG004	collapsed haploid	QUAST mismatches per 100 kbp	QUAST mismatches / 100 kbp aligned contig bases	189.56	per 100 kbp	substituted bases	QUAST # mismatches (substitutions only)	QUAST total aligned contig length	assembly_analysis/tables/30x/final/assembly_benchmark_30x.tsv	mismatches_per_100kbp
a	right	Assembly-based	GoldRush	HiFi	GoldRush (HiFi)	HG002	collapsed haploid	QUAST mismatches per 100 kbp	QUAST mismatches / 100 kbp aligned contig bases	123.4	per 100 kbp	substituted bases	QUAST # mismatches (substitutions only)	QUAST total aligned contig length	assembly_analysis/tables/30x/final/assembly_benchmark_30x.tsv	mismatches_per_100kbp
a	right	Assembly-based	GoldRush	HiFi	GoldRush (HiFi)	HG003	collapsed haploid	QUAST mismatches per 100 kbp	QUAST mismatches / 100 kbp aligned contig bases	122.56	per 100 kbp	substituted bases	QUAST # mismatches (substitutions only)	QUAST total aligned contig length	assembly_analysis/tables/30x/final/assembly_benchmark_30x.tsv	mismatches_per_100kbp
a	right	Assembly-based	GoldRush	HiFi	GoldRush (HiFi)	HG004	collapsed haploid	QUAST mismatches per 100 kbp	QUAST mismatches / 100 kbp aligned contig bases	122.4	per 100 kbp	substituted bases	QUAST # mismatches (substitutions only)	QUAST total aligned contig length	assembly_analysis/tables/30x/final/assembly_benchmark_30x.tsv	mismatches_per_100kbp
a	right	Assembly-based	Verkko	ONT+HiFi	Verkko (ONT+HiFi)	HG002	diploid (both haplotypes)	QUAST mismatches per 100 kbp	QUAST mismatches / 100 kbp aligned contig bases	178.86	per 100 kbp	substituted bases	QUAST # mismatches (substitutions only)	QUAST total aligned contig length	assembly_analysis/tables/30x/final/assembly_benchmark_30x.tsv	mismatches_per_100kbp
a	right	Assembly-based	Verkko	ONT+HiFi	Verkko (ONT+HiFi)	HG003	diploid (both haplotypes)	QUAST mismatches per 100 kbp	QUAST mismatches / 100 kbp aligned contig bases	180.39	per 100 kbp	substituted bases	QUAST # mismatches (substitutions only)	QUAST total aligned contig length	assembly_analysis/tables/30x/final/assembly_benchmark_30x.tsv	mismatches_per_100kbp
a	right	Assembly-based	Verkko	ONT+HiFi	Verkko (ONT+HiFi)	HG004	diploid (both haplotypes)	QUAST mismatches per 100 kbp	QUAST mismatches / 100 kbp aligned contig bases	169.55	per 100 kbp	substituted bases	QUAST # mismatches (substitutions only)	QUAST total aligned contig length	assembly_analysis/tables/30x/final/assembly_benchmark_30x.tsv	mismatches_per_100kbp
b	left	Alignment-based	minimap2	ONT	minimap2 (ONT)	HG002	read alignment	CIGAR indel events per 100 kbp	Indel events / 100 kbp	580.551	per 100 kbp	events (CIGAR I/D operations, 1-300 bp)	insertion_events + deletion_events (samtools stats ID records)	CIGAR-mapped read bases (bases_mapped_cigar: M/=/X/I)	alignment_analysis/tables/30x/derived/alignment_benchmark_30x_indel_recovery.tsv	insertion_events; deletion_events; bases_mapped_cigar
b	left	Alignment-based	pbmm2	ONT	pbmm2 (ONT)	HG002	read alignment	CIGAR indel events per 100 kbp	Indel events / 100 kbp	519.868	per 100 kbp	events (CIGAR I/D operations, 1-300 bp)	insertion_events + deletion_events (samtools stats ID records)	CIGAR-mapped read bases (bases_mapped_cigar: M/=/X/I)	alignment_analysis/tables/30x/derived/alignment_benchmark_30x_indel_recovery.tsv	insertion_events; deletion_events; bases_mapped_cigar
b	left	Alignment-based	VACmap	ONT	VACmap (ONT)	HG002	read alignment	CIGAR indel events per 100 kbp	Indel events / 100 kbp	496.095	per 100 kbp	events (CIGAR I/D operations, 1-300 bp)	insertion_events + deletion_events (samtools stats ID records)	CIGAR-mapped read bases (bases_mapped_cigar: M/=/X/I)	alignment_analysis/tables/30x/derived/alignment_benchmark_30x_indel_recovery.tsv	insertion_events; deletion_events; bases_mapped_cigar
b	left	Alignment-based	VG Giraffe	ONT	VG Giraffe (ONT)	HG002	read alignment	CIGAR indel events per 100 kbp	Indel events / 100 kbp	450.329	per 100 kbp	events (CIGAR I/D operations, 1-300 bp)	insertion_events + deletion_events (samtools stats ID records)	CIGAR-mapped read bases (bases_mapped_cigar: M/=/X/I)	alignment_analysis/tables/30x/derived/alignment_benchmark_30x_indel_recovery.tsv	insertion_events; deletion_events; bases_mapped_cigar
b	left	Alignment-based	minimap2	HiFi	minimap2 (HiFi)	HG002	read alignment	CIGAR indel events per 100 kbp	Indel events / 100 kbp	148.887	per 100 kbp	events (CIGAR I/D operations, 1-300 bp)	insertion_events + deletion_events (samtools stats ID records)	CIGAR-mapped read bases (bases_mapped_cigar: M/=/X/I)	alignment_analysis/tables/30x/derived/alignment_benchmark_30x_indel_recovery.tsv	insertion_events; deletion_events; bases_mapped_cigar
b	left	Alignment-based	pbmm2	HiFi	pbmm2 (HiFi)	HG002	read alignment	CIGAR indel events per 100 kbp	Indel events / 100 kbp	149.307	per 100 kbp	events (CIGAR I/D operations, 1-300 bp)	insertion_events + deletion_events (samtools stats ID records)	CIGAR-mapped read bases (bases_mapped_cigar: M/=/X/I)	alignment_analysis/tables/30x/derived/alignment_benchmark_30x_indel_recovery.tsv	insertion_events; deletion_events; bases_mapped_cigar
b	left	Alignment-based	VACmap	HiFi	VACmap (HiFi)	HG002	read alignment	CIGAR indel events per 100 kbp	Indel events / 100 kbp	149.155	per 100 kbp	events (CIGAR I/D operations, 1-300 bp)	insertion_events + deletion_events (samtools stats ID records)	CIGAR-mapped read bases (bases_mapped_cigar: M/=/X/I)	alignment_analysis/tables/30x/derived/alignment_benchmark_30x_indel_recovery.tsv	insertion_events; deletion_events; bases_mapped_cigar
b	left	Alignment-based	VG Giraffe	HiFi	VG Giraffe (HiFi)	HG002	read alignment	CIGAR indel events per 100 kbp	Indel events / 100 kbp	159.509	per 100 kbp	events (CIGAR I/D operations, 1-300 bp)	insertion_events + deletion_events (samtools stats ID records)	CIGAR-mapped read bases (bases_mapped_cigar: M/=/X/I)	alignment_analysis/tables/30x/derived/alignment_benchmark_30x_indel_recovery.tsv	insertion_events; deletion_events; bases_mapped_cigar
b	left	Alignment-based	minimap2	ONT	minimap2 (ONT)	HG003	read alignment	CIGAR indel events per 100 kbp	Indel events / 100 kbp	428.854	per 100 kbp	events (CIGAR I/D operations, 1-300 bp)	insertion_events + deletion_events (samtools stats ID records)	CIGAR-mapped read bases (bases_mapped_cigar: M/=/X/I)	alignment_analysis/tables/30x/derived/alignment_benchmark_30x_indel_recovery.tsv	insertion_events; deletion_events; bases_mapped_cigar
b	left	Alignment-based	pbmm2	ONT	pbmm2 (ONT)	HG003	read alignment	CIGAR indel events per 100 kbp	Indel events / 100 kbp	380.555	per 100 kbp	events (CIGAR I/D operations, 1-300 bp)	insertion_events + deletion_events (samtools stats ID records)	CIGAR-mapped read bases (bases_mapped_cigar: M/=/X/I)	alignment_analysis/tables/30x/derived/alignment_benchmark_30x_indel_recovery.tsv	insertion_events; deletion_events; bases_mapped_cigar
b	left	Alignment-based	VACmap	ONT	VACmap (ONT)	HG003	read alignment	CIGAR indel events per 100 kbp	Indel events / 100 kbp	366.685	per 100 kbp	events (CIGAR I/D operations, 1-300 bp)	insertion_events + deletion_events (samtools stats ID records)	CIGAR-mapped read bases (bases_mapped_cigar: M/=/X/I)	alignment_analysis/tables/30x/derived/alignment_benchmark_30x_indel_recovery.tsv	insertion_events; deletion_events; bases_mapped_cigar
b	left	Alignment-based	VG Giraffe	ONT	VG Giraffe (ONT)	HG003	read alignment	CIGAR indel events per 100 kbp	Indel events / 100 kbp	334.493	per 100 kbp	events (CIGAR I/D operations, 1-300 bp)	insertion_events + deletion_events (samtools stats ID records)	CIGAR-mapped read bases (bases_mapped_cigar: M/=/X/I)	alignment_analysis/tables/30x/derived/alignment_benchmark_30x_indel_recovery.tsv	insertion_events; deletion_events; bases_mapped_cigar
b	left	Alignment-based	minimap2	HiFi	minimap2 (HiFi)	HG003	read alignment	CIGAR indel events per 100 kbp	Indel events / 100 kbp	149.389	per 100 kbp	events (CIGAR I/D operations, 1-300 bp)	insertion_events + deletion_events (samtools stats ID records)	CIGAR-mapped read bases (bases_mapped_cigar: M/=/X/I)	alignment_analysis/tables/30x/derived/alignment_benchmark_30x_indel_recovery.tsv	insertion_events; deletion_events; bases_mapped_cigar
b	left	Alignment-based	pbmm2	HiFi	pbmm2 (HiFi)	HG003	read alignment	CIGAR indel events per 100 kbp	Indel events / 100 kbp	149.726	per 100 kbp	events (CIGAR I/D operations, 1-300 bp)	insertion_events + deletion_events (samtools stats ID records)	CIGAR-mapped read bases (bases_mapped_cigar: M/=/X/I)	alignment_analysis/tables/30x/derived/alignment_benchmark_30x_indel_recovery.tsv	insertion_events; deletion_events; bases_mapped_cigar
b	left	Alignment-based	VACmap	HiFi	VACmap (HiFi)	HG003	read alignment	CIGAR indel events per 100 kbp	Indel events / 100 kbp	150.284	per 100 kbp	events (CIGAR I/D operations, 1-300 bp)	insertion_events + deletion_events (samtools stats ID records)	CIGAR-mapped read bases (bases_mapped_cigar: M/=/X/I)	alignment_analysis/tables/30x/derived/alignment_benchmark_30x_indel_recovery.tsv	insertion_events; deletion_events; bases_mapped_cigar
b	left	Alignment-based	VG Giraffe	HiFi	VG Giraffe (HiFi)	HG003	read alignment	CIGAR indel events per 100 kbp	Indel events / 100 kbp	159.405	per 100 kbp	events (CIGAR I/D operations, 1-300 bp)	insertion_events + deletion_events (samtools stats ID records)	CIGAR-mapped read bases (bases_mapped_cigar: M/=/X/I)	alignment_analysis/tables/30x/derived/alignment_benchmark_30x_indel_recovery.tsv	insertion_events; deletion_events; bases_mapped_cigar
b	left	Alignment-based	minimap2	ONT	minimap2 (ONT)	HG004	read alignment	CIGAR indel events per 100 kbp	Indel events / 100 kbp	451.935	per 100 kbp	events (CIGAR I/D operations, 1-300 bp)	insertion_events + deletion_events (samtools stats ID records)	CIGAR-mapped read bases (bases_mapped_cigar: M/=/X/I)	alignment_analysis/tables/30x/derived/alignment_benchmark_30x_indel_recovery.tsv	insertion_events; deletion_events; bases_mapped_cigar
b	left	Alignment-based	pbmm2	ONT	pbmm2 (ONT)	HG004	read alignment	CIGAR indel events per 100 kbp	Indel events / 100 kbp	400.555	per 100 kbp	events (CIGAR I/D operations, 1-300 bp)	insertion_events + deletion_events (samtools stats ID records)	CIGAR-mapped read bases (bases_mapped_cigar: M/=/X/I)	alignment_analysis/tables/30x/derived/alignment_benchmark_30x_indel_recovery.tsv	insertion_events; deletion_events; bases_mapped_cigar
b	left	Alignment-based	VACmap	ONT	VACmap (ONT)	HG004	read alignment	CIGAR indel events per 100 kbp	Indel events / 100 kbp	386.346	per 100 kbp	events (CIGAR I/D operations, 1-300 bp)	insertion_events + deletion_events (samtools stats ID records)	CIGAR-mapped read bases (bases_mapped_cigar: M/=/X/I)	alignment_analysis/tables/30x/derived/alignment_benchmark_30x_indel_recovery.tsv	insertion_events; deletion_events; bases_mapped_cigar
b	left	Alignment-based	VG Giraffe	ONT	VG Giraffe (ONT)	HG004	read alignment	CIGAR indel events per 100 kbp	Indel events / 100 kbp	359.505	per 100 kbp	events (CIGAR I/D operations, 1-300 bp)	insertion_events + deletion_events (samtools stats ID records)	CIGAR-mapped read bases (bases_mapped_cigar: M/=/X/I)	alignment_analysis/tables/30x/derived/alignment_benchmark_30x_indel_recovery.tsv	insertion_events; deletion_events; bases_mapped_cigar
b	left	Alignment-based	minimap2	HiFi	minimap2 (HiFi)	HG004	read alignment	CIGAR indel events per 100 kbp	Indel events / 100 kbp	158.763	per 100 kbp	events (CIGAR I/D operations, 1-300 bp)	insertion_events + deletion_events (samtools stats ID records)	CIGAR-mapped read bases (bases_mapped_cigar: M/=/X/I)	alignment_analysis/tables/30x/derived/alignment_benchmark_30x_indel_recovery.tsv	insertion_events; deletion_events; bases_mapped_cigar
b	left	Alignment-based	pbmm2	HiFi	pbmm2 (HiFi)	HG004	read alignment	CIGAR indel events per 100 kbp	Indel events / 100 kbp	158.924	per 100 kbp	events (CIGAR I/D operations, 1-300 bp)	insertion_events + deletion_events (samtools stats ID records)	CIGAR-mapped read bases (bases_mapped_cigar: M/=/X/I)	alignment_analysis/tables/30x/derived/alignment_benchmark_30x_indel_recovery.tsv	insertion_events; deletion_events; bases_mapped_cigar
b	left	Alignment-based	VACmap	HiFi	VACmap (HiFi)	HG004	read alignment	CIGAR indel events per 100 kbp	Indel events / 100 kbp	159.026	per 100 kbp	events (CIGAR I/D operations, 1-300 bp)	insertion_events + deletion_events (samtools stats ID records)	CIGAR-mapped read bases (bases_mapped_cigar: M/=/X/I)	alignment_analysis/tables/30x/derived/alignment_benchmark_30x_indel_recovery.tsv	insertion_events; deletion_events; bases_mapped_cigar
b	left	Alignment-based	VG Giraffe	HiFi	VG Giraffe (HiFi)	HG004	read alignment	CIGAR indel events per 100 kbp	Indel events / 100 kbp	168.045	per 100 kbp	events (CIGAR I/D operations, 1-300 bp)	insertion_events + deletion_events (samtools stats ID records)	CIGAR-mapped read bases (bases_mapped_cigar: M/=/X/I)	alignment_analysis/tables/30x/derived/alignment_benchmark_30x_indel_recovery.tsv	insertion_events; deletion_events; bases_mapped_cigar
b	right	Assembly-based	Flye	ONT	Flye (ONT)	HG002	collapsed haploid	QUAST indel events per 100 kbp	QUAST indels / 100 kbp	31.86	per 100 kbp	events (consecutive indel positions counted once)	QUAST # indels	QUAST total aligned contig length	assembly_analysis/tables/30x/final/assembly_benchmark_30x.tsv	indels_per_100kbp
b	right	Assembly-based	Flye	ONT	Flye (ONT)	HG003	collapsed haploid	QUAST indel events per 100 kbp	QUAST indels / 100 kbp	31.33	per 100 kbp	events (consecutive indel positions counted once)	QUAST # indels	QUAST total aligned contig length	assembly_analysis/tables/30x/final/assembly_benchmark_30x.tsv	indels_per_100kbp
b	right	Assembly-based	Flye	ONT	Flye (ONT)	HG004	collapsed haploid	QUAST indel events per 100 kbp	QUAST indels / 100 kbp	31.37	per 100 kbp	events (consecutive indel positions counted once)	QUAST # indels	QUAST total aligned contig length	assembly_analysis/tables/30x/final/assembly_benchmark_30x.tsv	indels_per_100kbp
b	right	Assembly-based	GoldRush	ONT	GoldRush (ONT)	HG002	collapsed haploid	QUAST indel events per 100 kbp	QUAST indels / 100 kbp	52.17	per 100 kbp	events (consecutive indel positions counted once)	QUAST # indels	QUAST total aligned contig length	assembly_analysis/tables/30x/final/assembly_benchmark_30x.tsv	indels_per_100kbp
b	right	Assembly-based	GoldRush	ONT	GoldRush (ONT)	HG003	collapsed haploid	QUAST indel events per 100 kbp	QUAST indels / 100 kbp	49.45	per 100 kbp	events (consecutive indel positions counted once)	QUAST # indels	QUAST total aligned contig length	assembly_analysis/tables/30x/final/assembly_benchmark_30x.tsv	indels_per_100kbp
b	right	Assembly-based	GoldRush	ONT	GoldRush (ONT)	HG004	collapsed haploid	QUAST indel events per 100 kbp	QUAST indels / 100 kbp	51.14	per 100 kbp	events (consecutive indel positions counted once)	QUAST # indels	QUAST total aligned contig length	assembly_analysis/tables/30x/final/assembly_benchmark_30x.tsv	indels_per_100kbp
b	right	Assembly-based	Flye	HiFi	Flye (HiFi)	HG002	collapsed haploid	QUAST indel events per 100 kbp	QUAST indels / 100 kbp	31.47	per 100 kbp	events (consecutive indel positions counted once)	QUAST # indels	QUAST total aligned contig length	assembly_analysis/tables/30x/final/assembly_benchmark_30x.tsv	indels_per_100kbp
b	right	Assembly-based	Flye	HiFi	Flye (HiFi)	HG003	collapsed haploid	QUAST indel events per 100 kbp	QUAST indels / 100 kbp	31.36	per 100 kbp	events (consecutive indel positions counted once)	QUAST # indels	QUAST total aligned contig length	assembly_analysis/tables/30x/final/assembly_benchmark_30x.tsv	indels_per_100kbp
b	right	Assembly-based	Flye	HiFi	Flye (HiFi)	HG004	collapsed haploid	QUAST indel events per 100 kbp	QUAST indels / 100 kbp	31.47	per 100 kbp	events (consecutive indel positions counted once)	QUAST # indels	QUAST total aligned contig length	assembly_analysis/tables/30x/final/assembly_benchmark_30x.tsv	indels_per_100kbp
b	right	Assembly-based	GoldRush	HiFi	GoldRush (HiFi)	HG002	collapsed haploid	QUAST indel events per 100 kbp	QUAST indels / 100 kbp	33.92	per 100 kbp	events (consecutive indel positions counted once)	QUAST # indels	QUAST total aligned contig length	assembly_analysis/tables/30x/final/assembly_benchmark_30x.tsv	indels_per_100kbp
b	right	Assembly-based	GoldRush	HiFi	GoldRush (HiFi)	HG003	collapsed haploid	QUAST indel events per 100 kbp	QUAST indels / 100 kbp	34.02	per 100 kbp	events (consecutive indel positions counted once)	QUAST # indels	QUAST total aligned contig length	assembly_analysis/tables/30x/final/assembly_benchmark_30x.tsv	indels_per_100kbp
b	right	Assembly-based	GoldRush	HiFi	GoldRush (HiFi)	HG004	collapsed haploid	QUAST indel events per 100 kbp	QUAST indels / 100 kbp	35.03	per 100 kbp	events (consecutive indel positions counted once)	QUAST # indels	QUAST total aligned contig length	assembly_analysis/tables/30x/final/assembly_benchmark_30x.tsv	indels_per_100kbp
b	right	Assembly-based	Verkko	ONT+HiFi	Verkko (ONT+HiFi)	HG002	diploid (both haplotypes)	QUAST indel events per 100 kbp	QUAST indels / 100 kbp	32.33	per 100 kbp	events (consecutive indel positions counted once)	QUAST # indels	QUAST total aligned contig length	assembly_analysis/tables/30x/final/assembly_benchmark_30x.tsv	indels_per_100kbp
b	right	Assembly-based	Verkko	ONT+HiFi	Verkko (ONT+HiFi)	HG003	diploid (both haplotypes)	QUAST indel events per 100 kbp	QUAST indels / 100 kbp	32.26	per 100 kbp	events (consecutive indel positions counted once)	QUAST # indels	QUAST total aligned contig length	assembly_analysis/tables/30x/final/assembly_benchmark_30x.tsv	indels_per_100kbp
b	right	Assembly-based	Verkko	ONT+HiFi	Verkko (ONT+HiFi)	HG004	diploid (both haplotypes)	QUAST indel events per 100 kbp	QUAST indels / 100 kbp	31.97	per 100 kbp	events (consecutive indel positions counted once)	QUAST # indels	QUAST total aligned contig length	assembly_analysis/tables/30x/final/assembly_benchmark_30x.tsv	indels_per_100kbp
c	left	Alignment-based	minimap2	ONT	minimap2 (ONT)	HG002	read alignment	CIGAR-aligned yield	CIGAR-aligned yield (%)	99.4508	%	bases	CIGAR-mapped read bases (bases_mapped_cigar: M/=/X/I)	input sequencing bases (common_input_bases: largest samtools total_length among the four aligners)	alignment_analysis/tables/30x/derived/plot_data/input_normalized_cigar_yield_percent.tsv	input_normalized_cigar_yield_percent
c	left	Alignment-based	pbmm2	ONT	pbmm2 (ONT)	HG002	read alignment	CIGAR-aligned yield	CIGAR-aligned yield (%)	98.8008	%	bases	CIGAR-mapped read bases (bases_mapped_cigar: M/=/X/I)	input sequencing bases (common_input_bases: largest samtools total_length among the four aligners)	alignment_analysis/tables/30x/derived/plot_data/input_normalized_cigar_yield_percent.tsv	input_normalized_cigar_yield_percent
c	left	Alignment-based	VACmap	ONT	VACmap (ONT)	HG002	read alignment	CIGAR-aligned yield	CIGAR-aligned yield (%)	97.9937	%	bases	CIGAR-mapped read bases (bases_mapped_cigar: M/=/X/I)	input sequencing bases (common_input_bases: largest samtools total_length among the four aligners)	alignment_analysis/tables/30x/derived/plot_data/input_normalized_cigar_yield_percent.tsv	input_normalized_cigar_yield_percent
c	left	Alignment-based	VG Giraffe	ONT	VG Giraffe (ONT)	HG002	read alignment	CIGAR-aligned yield	CIGAR-aligned yield (%)	92.0282	%	bases	CIGAR-mapped read bases (bases_mapped_cigar: M/=/X/I)	input sequencing bases (common_input_bases: largest samtools total_length among the four aligners)	alignment_analysis/tables/30x/derived/plot_data/input_normalized_cigar_yield_percent.tsv	input_normalized_cigar_yield_percent
c	left	Alignment-based	minimap2	HiFi	minimap2 (HiFi)	HG002	read alignment	CIGAR-aligned yield	CIGAR-aligned yield (%)	99.7266	%	bases	CIGAR-mapped read bases (bases_mapped_cigar: M/=/X/I)	input sequencing bases (common_input_bases: largest samtools total_length among the four aligners)	alignment_analysis/tables/30x/derived/plot_data/input_normalized_cigar_yield_percent.tsv	input_normalized_cigar_yield_percent
c	left	Alignment-based	pbmm2	HiFi	pbmm2 (HiFi)	HG002	read alignment	CIGAR-aligned yield	CIGAR-aligned yield (%)	99.4923	%	bases	CIGAR-mapped read bases (bases_mapped_cigar: M/=/X/I)	input sequencing bases (common_input_bases: largest samtools total_length among the four aligners)	alignment_analysis/tables/30x/derived/plot_data/input_normalized_cigar_yield_percent.tsv	input_normalized_cigar_yield_percent
c	left	Alignment-based	VACmap	HiFi	VACmap (HiFi)	HG002	read alignment	CIGAR-aligned yield	CIGAR-aligned yield (%)	99.3518	%	bases	CIGAR-mapped read bases (bases_mapped_cigar: M/=/X/I)	input sequencing bases (common_input_bases: largest samtools total_length among the four aligners)	alignment_analysis/tables/30x/derived/plot_data/input_normalized_cigar_yield_percent.tsv	input_normalized_cigar_yield_percent
c	left	Alignment-based	VG Giraffe	HiFi	VG Giraffe (HiFi)	HG002	read alignment	CIGAR-aligned yield	CIGAR-aligned yield (%)	98.9996	%	bases	CIGAR-mapped read bases (bases_mapped_cigar: M/=/X/I)	input sequencing bases (common_input_bases: largest samtools total_length among the four aligners)	alignment_analysis/tables/30x/derived/plot_data/input_normalized_cigar_yield_percent.tsv	input_normalized_cigar_yield_percent
c	left	Alignment-based	minimap2	ONT	minimap2 (ONT)	HG003	read alignment	CIGAR-aligned yield	CIGAR-aligned yield (%)	99.3568	%	bases	CIGAR-mapped read bases (bases_mapped_cigar: M/=/X/I)	input sequencing bases (common_input_bases: largest samtools total_length among the four aligners)	alignment_analysis/tables/30x/derived/plot_data/input_normalized_cigar_yield_percent.tsv	input_normalized_cigar_yield_percent
c	left	Alignment-based	pbmm2	ONT	pbmm2 (ONT)	HG003	read alignment	CIGAR-aligned yield	CIGAR-aligned yield (%)	98.6793	%	bases	CIGAR-mapped read bases (bases_mapped_cigar: M/=/X/I)	input sequencing bases (common_input_bases: largest samtools total_length among the four aligners)	alignment_analysis/tables/30x/derived/plot_data/input_normalized_cigar_yield_percent.tsv	input_normalized_cigar_yield_percent
c	left	Alignment-based	VACmap	ONT	VACmap (ONT)	HG003	read alignment	CIGAR-aligned yield	CIGAR-aligned yield (%)	98.093	%	bases	CIGAR-mapped read bases (bases_mapped_cigar: M/=/X/I)	input sequencing bases (common_input_bases: largest samtools total_length among the four aligners)	alignment_analysis/tables/30x/derived/plot_data/input_normalized_cigar_yield_percent.tsv	input_normalized_cigar_yield_percent
c	left	Alignment-based	VG Giraffe	ONT	VG Giraffe (ONT)	HG003	read alignment	CIGAR-aligned yield	CIGAR-aligned yield (%)	92.6918	%	bases	CIGAR-mapped read bases (bases_mapped_cigar: M/=/X/I)	input sequencing bases (common_input_bases: largest samtools total_length among the four aligners)	alignment_analysis/tables/30x/derived/plot_data/input_normalized_cigar_yield_percent.tsv	input_normalized_cigar_yield_percent
c	left	Alignment-based	minimap2	HiFi	minimap2 (HiFi)	HG003	read alignment	CIGAR-aligned yield	CIGAR-aligned yield (%)	99.7637	%	bases	CIGAR-mapped read bases (bases_mapped_cigar: M/=/X/I)	input sequencing bases (common_input_bases: largest samtools total_length among the four aligners)	alignment_analysis/tables/30x/derived/plot_data/input_normalized_cigar_yield_percent.tsv	input_normalized_cigar_yield_percent
c	left	Alignment-based	pbmm2	HiFi	pbmm2 (HiFi)	HG003	read alignment	CIGAR-aligned yield	CIGAR-aligned yield (%)	99.5217	%	bases	CIGAR-mapped read bases (bases_mapped_cigar: M/=/X/I)	input sequencing bases (common_input_bases: largest samtools total_length among the four aligners)	alignment_analysis/tables/30x/derived/plot_data/input_normalized_cigar_yield_percent.tsv	input_normalized_cigar_yield_percent
c	left	Alignment-based	VACmap	HiFi	VACmap (HiFi)	HG003	read alignment	CIGAR-aligned yield	CIGAR-aligned yield (%)	99.4007	%	bases	CIGAR-mapped read bases (bases_mapped_cigar: M/=/X/I)	input sequencing bases (common_input_bases: largest samtools total_length among the four aligners)	alignment_analysis/tables/30x/derived/plot_data/input_normalized_cigar_yield_percent.tsv	input_normalized_cigar_yield_percent
c	left	Alignment-based	VG Giraffe	HiFi	VG Giraffe (HiFi)	HG003	read alignment	CIGAR-aligned yield	CIGAR-aligned yield (%)	99.0278	%	bases	CIGAR-mapped read bases (bases_mapped_cigar: M/=/X/I)	input sequencing bases (common_input_bases: largest samtools total_length among the four aligners)	alignment_analysis/tables/30x/derived/plot_data/input_normalized_cigar_yield_percent.tsv	input_normalized_cigar_yield_percent
c	left	Alignment-based	minimap2	ONT	minimap2 (ONT)	HG004	read alignment	CIGAR-aligned yield	CIGAR-aligned yield (%)	99.3324	%	bases	CIGAR-mapped read bases (bases_mapped_cigar: M/=/X/I)	input sequencing bases (common_input_bases: largest samtools total_length among the four aligners)	alignment_analysis/tables/30x/derived/plot_data/input_normalized_cigar_yield_percent.tsv	input_normalized_cigar_yield_percent
c	left	Alignment-based	pbmm2	ONT	pbmm2 (ONT)	HG004	read alignment	CIGAR-aligned yield	CIGAR-aligned yield (%)	98.7467	%	bases	CIGAR-mapped read bases (bases_mapped_cigar: M/=/X/I)	input sequencing bases (common_input_bases: largest samtools total_length among the four aligners)	alignment_analysis/tables/30x/derived/plot_data/input_normalized_cigar_yield_percent.tsv	input_normalized_cigar_yield_percent
c	left	Alignment-based	VACmap	ONT	VACmap (ONT)	HG004	read alignment	CIGAR-aligned yield	CIGAR-aligned yield (%)	98.0981	%	bases	CIGAR-mapped read bases (bases_mapped_cigar: M/=/X/I)	input sequencing bases (common_input_bases: largest samtools total_length among the four aligners)	alignment_analysis/tables/30x/derived/plot_data/input_normalized_cigar_yield_percent.tsv	input_normalized_cigar_yield_percent
c	left	Alignment-based	VG Giraffe	ONT	VG Giraffe (ONT)	HG004	read alignment	CIGAR-aligned yield	CIGAR-aligned yield (%)	93.4709	%	bases	CIGAR-mapped read bases (bases_mapped_cigar: M/=/X/I)	input sequencing bases (common_input_bases: largest samtools total_length among the four aligners)	alignment_analysis/tables/30x/derived/plot_data/input_normalized_cigar_yield_percent.tsv	input_normalized_cigar_yield_percent
c	left	Alignment-based	minimap2	HiFi	minimap2 (HiFi)	HG004	read alignment	CIGAR-aligned yield	CIGAR-aligned yield (%)	99.7865	%	bases	CIGAR-mapped read bases (bases_mapped_cigar: M/=/X/I)	input sequencing bases (common_input_bases: largest samtools total_length among the four aligners)	alignment_analysis/tables/30x/derived/plot_data/input_normalized_cigar_yield_percent.tsv	input_normalized_cigar_yield_percent
c	left	Alignment-based	pbmm2	HiFi	pbmm2 (HiFi)	HG004	read alignment	CIGAR-aligned yield	CIGAR-aligned yield (%)	99.5661	%	bases	CIGAR-mapped read bases (bases_mapped_cigar: M/=/X/I)	input sequencing bases (common_input_bases: largest samtools total_length among the four aligners)	alignment_analysis/tables/30x/derived/plot_data/input_normalized_cigar_yield_percent.tsv	input_normalized_cigar_yield_percent
c	left	Alignment-based	VACmap	HiFi	VACmap (HiFi)	HG004	read alignment	CIGAR-aligned yield	CIGAR-aligned yield (%)	99.52	%	bases	CIGAR-mapped read bases (bases_mapped_cigar: M/=/X/I)	input sequencing bases (common_input_bases: largest samtools total_length among the four aligners)	alignment_analysis/tables/30x/derived/plot_data/input_normalized_cigar_yield_percent.tsv	input_normalized_cigar_yield_percent
c	left	Alignment-based	VG Giraffe	HiFi	VG Giraffe (HiFi)	HG004	read alignment	CIGAR-aligned yield	CIGAR-aligned yield (%)	99.0832	%	bases	CIGAR-mapped read bases (bases_mapped_cigar: M/=/X/I)	input sequencing bases (common_input_bases: largest samtools total_length among the four aligners)	alignment_analysis/tables/30x/derived/plot_data/input_normalized_cigar_yield_percent.tsv	input_normalized_cigar_yield_percent
c	right	Assembly-based	Flye	ONT	Flye (ONT)	HG002	collapsed haploid	Genome fraction	Genome fraction (%)	96.827	%	reference bases	GRCh38 bases covered by aligned contigs	GRCh38 reference length	assembly_analysis/tables/30x/final/assembly_benchmark_30x.tsv	genome_fraction_pct
c	right	Assembly-based	Flye	ONT	Flye (ONT)	HG003	collapsed haploid	Genome fraction	Genome fraction (%)	96.877	%	reference bases	GRCh38 bases covered by aligned contigs	GRCh38 reference length	assembly_analysis/tables/30x/final/assembly_benchmark_30x.tsv	genome_fraction_pct
c	right	Assembly-based	Flye	ONT	Flye (ONT)	HG004	collapsed haploid	Genome fraction	Genome fraction (%)	96.308	%	reference bases	GRCh38 bases covered by aligned contigs	GRCh38 reference length	assembly_analysis/tables/30x/final/assembly_benchmark_30x.tsv	genome_fraction_pct
c	right	Assembly-based	GoldRush	ONT	GoldRush (ONT)	HG002	collapsed haploid	Genome fraction	Genome fraction (%)	75.813	%	reference bases	GRCh38 bases covered by aligned contigs	GRCh38 reference length	assembly_analysis/tables/30x/final/assembly_benchmark_30x.tsv	genome_fraction_pct
c	right	Assembly-based	GoldRush	ONT	GoldRush (ONT)	HG003	collapsed haploid	Genome fraction	Genome fraction (%)	79.422	%	reference bases	GRCh38 bases covered by aligned contigs	GRCh38 reference length	assembly_analysis/tables/30x/final/assembly_benchmark_30x.tsv	genome_fraction_pct
c	right	Assembly-based	GoldRush	ONT	GoldRush (ONT)	HG004	collapsed haploid	Genome fraction	Genome fraction (%)	65.802	%	reference bases	GRCh38 bases covered by aligned contigs	GRCh38 reference length	assembly_analysis/tables/30x/final/assembly_benchmark_30x.tsv	genome_fraction_pct
c	right	Assembly-based	Flye	HiFi	Flye (HiFi)	HG002	collapsed haploid	Genome fraction	Genome fraction (%)	98.394	%	reference bases	GRCh38 bases covered by aligned contigs	GRCh38 reference length	assembly_analysis/tables/30x/final/assembly_benchmark_30x.tsv	genome_fraction_pct
c	right	Assembly-based	Flye	HiFi	Flye (HiFi)	HG003	collapsed haploid	Genome fraction	Genome fraction (%)	98.425	%	reference bases	GRCh38 bases covered by aligned contigs	GRCh38 reference length	assembly_analysis/tables/30x/final/assembly_benchmark_30x.tsv	genome_fraction_pct
c	right	Assembly-based	Flye	HiFi	Flye (HiFi)	HG004	collapsed haploid	Genome fraction	Genome fraction (%)	97.758	%	reference bases	GRCh38 bases covered by aligned contigs	GRCh38 reference length	assembly_analysis/tables/30x/final/assembly_benchmark_30x.tsv	genome_fraction_pct
c	right	Assembly-based	GoldRush	HiFi	GoldRush (HiFi)	HG002	collapsed haploid	Genome fraction	Genome fraction (%)	67.94	%	reference bases	GRCh38 bases covered by aligned contigs	GRCh38 reference length	assembly_analysis/tables/30x/final/assembly_benchmark_30x.tsv	genome_fraction_pct
c	right	Assembly-based	GoldRush	HiFi	GoldRush (HiFi)	HG003	collapsed haploid	Genome fraction	Genome fraction (%)	66.819	%	reference bases	GRCh38 bases covered by aligned contigs	GRCh38 reference length	assembly_analysis/tables/30x/final/assembly_benchmark_30x.tsv	genome_fraction_pct
c	right	Assembly-based	GoldRush	HiFi	GoldRush (HiFi)	HG004	collapsed haploid	Genome fraction	Genome fraction (%)	69.245	%	reference bases	GRCh38 bases covered by aligned contigs	GRCh38 reference length	assembly_analysis/tables/30x/final/assembly_benchmark_30x.tsv	genome_fraction_pct
c	right	Assembly-based	Verkko	ONT+HiFi	Verkko (ONT+HiFi)	HG002	diploid (both haplotypes)	Genome fraction	Genome fraction (%)	98.81	%	reference bases	GRCh38 bases covered by aligned contigs	GRCh38 reference length	assembly_analysis/tables/30x/final/assembly_benchmark_30x.tsv	genome_fraction_pct
c	right	Assembly-based	Verkko	ONT+HiFi	Verkko (ONT+HiFi)	HG003	diploid (both haplotypes)	Genome fraction	Genome fraction (%)	98.809	%	reference bases	GRCh38 bases covered by aligned contigs	GRCh38 reference length	assembly_analysis/tables/30x/final/assembly_benchmark_30x.tsv	genome_fraction_pct
c	right	Assembly-based	Verkko	ONT+HiFi	Verkko (ONT+HiFi)	HG004	diploid (both haplotypes)	Genome fraction	Genome fraction (%)	98.057	%	reference bases	GRCh38 bases covered by aligned contigs	GRCh38 reference length	assembly_analysis/tables/30x/final/assembly_benchmark_30x.tsv	genome_fraction_pct
