panel	subpanel	strategy	method	technology	configuration	sample	representation	metric	value	unit	numerator	denominator	source_file	source_columns
A	A1	Alignment-based	minimap2	ONT	minimap2 (ONT)	HG002	read alignment	NM edit distance per 100 kbp	3227.28	per 100 kbp	samtools stats mismatches (NM tag: substitutions + inserted + deleted bases)	CIGAR-mapped read bases (bases_mapped_cigar)	alignment_analysis/tables/30x/final/alignment_benchmark_30x.tsv	mismatches; bases_mapped_cigar
A	A1	Alignment-based	pbmm2	ONT	pbmm2 (ONT)	HG002	read alignment	NM edit distance per 100 kbp	2916.5	per 100 kbp	samtools stats mismatches (NM tag: substitutions + inserted + deleted bases)	CIGAR-mapped read bases (bases_mapped_cigar)	alignment_analysis/tables/30x/final/alignment_benchmark_30x.tsv	mismatches; bases_mapped_cigar
A	A1	Alignment-based	VACmap	ONT	VACmap (ONT)	HG002	read alignment	NM edit distance per 100 kbp	1794.23	per 100 kbp	samtools stats mismatches (NM tag: substitutions + inserted + deleted bases)	CIGAR-mapped read bases (bases_mapped_cigar)	alignment_analysis/tables/30x/final/alignment_benchmark_30x.tsv	mismatches; bases_mapped_cigar
A	A1	Alignment-based	VG Giraffe	ONT	VG Giraffe (ONT)	HG002	read alignment	NM edit distance per 100 kbp	2310.18	per 100 kbp	samtools stats mismatches (NM tag: substitutions + inserted + deleted bases)	CIGAR-mapped read bases (bases_mapped_cigar)	alignment_analysis/tables/30x/final/alignment_benchmark_30x.tsv	mismatches; bases_mapped_cigar
A	A1	Alignment-based	minimap2	HiFi	minimap2 (HiFi)	HG002	read alignment	NM edit distance per 100 kbp	1391.65	per 100 kbp	samtools stats mismatches (NM tag: substitutions + inserted + deleted bases)	CIGAR-mapped read bases (bases_mapped_cigar)	alignment_analysis/tables/30x/final/alignment_benchmark_30x.tsv	mismatches; bases_mapped_cigar
A	A1	Alignment-based	pbmm2	HiFi	pbmm2 (HiFi)	HG002	read alignment	NM edit distance per 100 kbp	1218.67	per 100 kbp	samtools stats mismatches (NM tag: substitutions + inserted + deleted bases)	CIGAR-mapped read bases (bases_mapped_cigar)	alignment_analysis/tables/30x/final/alignment_benchmark_30x.tsv	mismatches; bases_mapped_cigar
A	A1	Alignment-based	VACmap	HiFi	VACmap (HiFi)	HG002	read alignment	NM edit distance per 100 kbp	693.545	per 100 kbp	samtools stats mismatches (NM tag: substitutions + inserted + deleted bases)	CIGAR-mapped read bases (bases_mapped_cigar)	alignment_analysis/tables/30x/final/alignment_benchmark_30x.tsv	mismatches; bases_mapped_cigar
A	A1	Alignment-based	VG Giraffe	HiFi	VG Giraffe (HiFi)	HG002	read alignment	NM edit distance per 100 kbp	1070.65	per 100 kbp	samtools stats mismatches (NM tag: substitutions + inserted + deleted bases)	CIGAR-mapped read bases (bases_mapped_cigar)	alignment_analysis/tables/30x/final/alignment_benchmark_30x.tsv	mismatches; bases_mapped_cigar
A	A1	Alignment-based	minimap2	ONT	minimap2 (ONT)	HG003	read alignment	NM edit distance per 100 kbp	2807.87	per 100 kbp	samtools stats mismatches (NM tag: substitutions + inserted + deleted bases)	CIGAR-mapped read bases (bases_mapped_cigar)	alignment_analysis/tables/30x/final/alignment_benchmark_30x.tsv	mismatches; bases_mapped_cigar
A	A1	Alignment-based	pbmm2	ONT	pbmm2 (ONT)	HG003	read alignment	NM edit distance per 100 kbp	2489.02	per 100 kbp	samtools stats mismatches (NM tag: substitutions + inserted + deleted bases)	CIGAR-mapped read bases (bases_mapped_cigar)	alignment_analysis/tables/30x/final/alignment_benchmark_30x.tsv	mismatches; bases_mapped_cigar
A	A1	Alignment-based	VACmap	ONT	VACmap (ONT)	HG003	read alignment	NM edit distance per 100 kbp	1481.67	per 100 kbp	samtools stats mismatches (NM tag: substitutions + inserted + deleted bases)	CIGAR-mapped read bases (bases_mapped_cigar)	alignment_analysis/tables/30x/final/alignment_benchmark_30x.tsv	mismatches; bases_mapped_cigar
A	A1	Alignment-based	VG Giraffe	ONT	VG Giraffe (ONT)	HG003	read alignment	NM edit distance per 100 kbp	2018.34	per 100 kbp	samtools stats mismatches (NM tag: substitutions + inserted + deleted bases)	CIGAR-mapped read bases (bases_mapped_cigar)	alignment_analysis/tables/30x/final/alignment_benchmark_30x.tsv	mismatches; bases_mapped_cigar
A	A1	Alignment-based	minimap2	HiFi	minimap2 (HiFi)	HG003	read alignment	NM edit distance per 100 kbp	1343.42	per 100 kbp	samtools stats mismatches (NM tag: substitutions + inserted + deleted bases)	CIGAR-mapped read bases (bases_mapped_cigar)	alignment_analysis/tables/30x/final/alignment_benchmark_30x.tsv	mismatches; bases_mapped_cigar
A	A1	Alignment-based	pbmm2	HiFi	pbmm2 (HiFi)	HG003	read alignment	NM edit distance per 100 kbp	1179.9	per 100 kbp	samtools stats mismatches (NM tag: substitutions + inserted + deleted bases)	CIGAR-mapped read bases (bases_mapped_cigar)	alignment_analysis/tables/30x/final/alignment_benchmark_30x.tsv	mismatches; bases_mapped_cigar
A	A1	Alignment-based	VACmap	HiFi	VACmap (HiFi)	HG003	read alignment	NM edit distance per 100 kbp	695.3	per 100 kbp	samtools stats mismatches (NM tag: substitutions + inserted + deleted bases)	CIGAR-mapped read bases (bases_mapped_cigar)	alignment_analysis/tables/30x/final/alignment_benchmark_30x.tsv	mismatches; bases_mapped_cigar
A	A1	Alignment-based	VG Giraffe	HiFi	VG Giraffe (HiFi)	HG003	read alignment	NM edit distance per 100 kbp	1057.96	per 100 kbp	samtools stats mismatches (NM tag: substitutions + inserted + deleted bases)	CIGAR-mapped read bases (bases_mapped_cigar)	alignment_analysis/tables/30x/final/alignment_benchmark_30x.tsv	mismatches; bases_mapped_cigar
A	A1	Alignment-based	minimap2	ONT	minimap2 (ONT)	HG004	read alignment	NM edit distance per 100 kbp	2823.28	per 100 kbp	samtools stats mismatches (NM tag: substitutions + inserted + deleted bases)	CIGAR-mapped read bases (bases_mapped_cigar)	alignment_analysis/tables/30x/final/alignment_benchmark_30x.tsv	mismatches; bases_mapped_cigar
A	A1	Alignment-based	pbmm2	ONT	pbmm2 (ONT)	HG004	read alignment	NM edit distance per 100 kbp	2519.68	per 100 kbp	samtools stats mismatches (NM tag: substitutions + inserted + deleted bases)	CIGAR-mapped read bases (bases_mapped_cigar)	alignment_analysis/tables/30x/final/alignment_benchmark_30x.tsv	mismatches; bases_mapped_cigar
A	A1	Alignment-based	VACmap	ONT	VACmap (ONT)	HG004	read alignment	NM edit distance per 100 kbp	1479.2	per 100 kbp	samtools stats mismatches (NM tag: substitutions + inserted + deleted bases)	CIGAR-mapped read bases (bases_mapped_cigar)	alignment_analysis/tables/30x/final/alignment_benchmark_30x.tsv	mismatches; bases_mapped_cigar
A	A1	Alignment-based	VG Giraffe	ONT	VG Giraffe (ONT)	HG004	read alignment	NM edit distance per 100 kbp	2039.95	per 100 kbp	samtools stats mismatches (NM tag: substitutions + inserted + deleted bases)	CIGAR-mapped read bases (bases_mapped_cigar)	alignment_analysis/tables/30x/final/alignment_benchmark_30x.tsv	mismatches; bases_mapped_cigar
A	A1	Alignment-based	minimap2	HiFi	minimap2 (HiFi)	HG004	read alignment	NM edit distance per 100 kbp	1275.56	per 100 kbp	samtools stats mismatches (NM tag: substitutions + inserted + deleted bases)	CIGAR-mapped read bases (bases_mapped_cigar)	alignment_analysis/tables/30x/final/alignment_benchmark_30x.tsv	mismatches; bases_mapped_cigar
A	A1	Alignment-based	pbmm2	HiFi	pbmm2 (HiFi)	HG004	read alignment	NM edit distance per 100 kbp	1133.51	per 100 kbp	samtools stats mismatches (NM tag: substitutions + inserted + deleted bases)	CIGAR-mapped read bases (bases_mapped_cigar)	alignment_analysis/tables/30x/final/alignment_benchmark_30x.tsv	mismatches; bases_mapped_cigar
A	A1	Alignment-based	VACmap	HiFi	VACmap (HiFi)	HG004	read alignment	NM edit distance per 100 kbp	639.192	per 100 kbp	samtools stats mismatches (NM tag: substitutions + inserted + deleted bases)	CIGAR-mapped read bases (bases_mapped_cigar)	alignment_analysis/tables/30x/final/alignment_benchmark_30x.tsv	mismatches; bases_mapped_cigar
A	A1	Alignment-based	VG Giraffe	HiFi	VG Giraffe (HiFi)	HG004	read alignment	NM edit distance per 100 kbp	1005.76	per 100 kbp	samtools stats mismatches (NM tag: substitutions + inserted + deleted bases)	CIGAR-mapped read bases (bases_mapped_cigar)	alignment_analysis/tables/30x/final/alignment_benchmark_30x.tsv	mismatches; bases_mapped_cigar
A	A2	Assembly-based	Flye	ONT	Flye (ONT)	HG002	collapsed	QUAST mismatches per 100 kbp	144.66	per 100 kbp	QUAST # mismatches (substitutions only)	QUAST total aligned contig length	assembly_analysis/tables/30x/final/assembly_benchmark_30x.tsv	mismatches_per_100kbp
A	A2	Assembly-based	Flye	ONT	Flye (ONT)	HG003	collapsed	QUAST mismatches per 100 kbp	143.4	per 100 kbp	QUAST # mismatches (substitutions only)	QUAST total aligned contig length	assembly_analysis/tables/30x/final/assembly_benchmark_30x.tsv	mismatches_per_100kbp
A	A2	Assembly-based	Flye	ONT	Flye (ONT)	HG004	collapsed	QUAST mismatches per 100 kbp	140.9	per 100 kbp	QUAST # mismatches (substitutions only)	QUAST total aligned contig length	assembly_analysis/tables/30x/final/assembly_benchmark_30x.tsv	mismatches_per_100kbp
A	A2	Assembly-based	GoldRush	ONT	GoldRush (ONT)	HG002	collapsed	QUAST mismatches per 100 kbp	154.86	per 100 kbp	QUAST # mismatches (substitutions only)	QUAST total aligned contig length	assembly_analysis/tables/30x/final/assembly_benchmark_30x.tsv	mismatches_per_100kbp
A	A2	Assembly-based	GoldRush	ONT	GoldRush (ONT)	HG003	collapsed	QUAST mismatches per 100 kbp	149.87	per 100 kbp	QUAST # mismatches (substitutions only)	QUAST total aligned contig length	assembly_analysis/tables/30x/final/assembly_benchmark_30x.tsv	mismatches_per_100kbp
A	A2	Assembly-based	GoldRush	ONT	GoldRush (ONT)	HG004	collapsed	QUAST mismatches per 100 kbp	154.73	per 100 kbp	QUAST # mismatches (substitutions only)	QUAST total aligned contig length	assembly_analysis/tables/30x/final/assembly_benchmark_30x.tsv	mismatches_per_100kbp
A	A2	Assembly-based	Flye	HiFi	Flye (HiFi)	HG002	collapsed	QUAST mismatches per 100 kbp	192.78	per 100 kbp	QUAST # mismatches (substitutions only)	QUAST total aligned contig length	assembly_analysis/tables/30x/final/assembly_benchmark_30x.tsv	mismatches_per_100kbp
A	A2	Assembly-based	Flye	HiFi	Flye (HiFi)	HG003	collapsed	QUAST mismatches per 100 kbp	190.92	per 100 kbp	QUAST # mismatches (substitutions only)	QUAST total aligned contig length	assembly_analysis/tables/30x/final/assembly_benchmark_30x.tsv	mismatches_per_100kbp
A	A2	Assembly-based	Flye	HiFi	Flye (HiFi)	HG004	collapsed	QUAST mismatches per 100 kbp	189.56	per 100 kbp	QUAST # mismatches (substitutions only)	QUAST total aligned contig length	assembly_analysis/tables/30x/final/assembly_benchmark_30x.tsv	mismatches_per_100kbp
A	A2	Assembly-based	GoldRush	HiFi	GoldRush (HiFi)	HG002	collapsed	QUAST mismatches per 100 kbp	123.4	per 100 kbp	QUAST # mismatches (substitutions only)	QUAST total aligned contig length	assembly_analysis/tables/30x/final/assembly_benchmark_30x.tsv	mismatches_per_100kbp
A	A2	Assembly-based	GoldRush	HiFi	GoldRush (HiFi)	HG003	collapsed	QUAST mismatches per 100 kbp	122.56	per 100 kbp	QUAST # mismatches (substitutions only)	QUAST total aligned contig length	assembly_analysis/tables/30x/final/assembly_benchmark_30x.tsv	mismatches_per_100kbp
A	A2	Assembly-based	GoldRush	HiFi	GoldRush (HiFi)	HG004	collapsed	QUAST mismatches per 100 kbp	122.4	per 100 kbp	QUAST # mismatches (substitutions only)	QUAST total aligned contig length	assembly_analysis/tables/30x/final/assembly_benchmark_30x.tsv	mismatches_per_100kbp
A	A2	Assembly-based	Verkko	ONT+HiFi	Verkko (ONT+HiFi)	HG002	haplotype_resolved	QUAST mismatches per 100 kbp	178.86	per 100 kbp	QUAST # mismatches (substitutions only)	QUAST total aligned contig length	assembly_analysis/tables/30x/final/assembly_benchmark_30x.tsv	mismatches_per_100kbp
A	A2	Assembly-based	Verkko	ONT+HiFi	Verkko (ONT+HiFi)	HG003	haplotype_resolved	QUAST mismatches per 100 kbp	180.39	per 100 kbp	QUAST # mismatches (substitutions only)	QUAST total aligned contig length	assembly_analysis/tables/30x/final/assembly_benchmark_30x.tsv	mismatches_per_100kbp
A	A2	Assembly-based	Verkko	ONT+HiFi	Verkko (ONT+HiFi)	HG004	haplotype_resolved	QUAST mismatches per 100 kbp	169.55	per 100 kbp	QUAST # mismatches (substitutions only)	QUAST total aligned contig length	assembly_analysis/tables/30x/final/assembly_benchmark_30x.tsv	mismatches_per_100kbp
B	B1	Alignment-based	minimap2	ONT	minimap2 (ONT)	HG002	read alignment	Indel events per 100 kbp	580.551	per 100 kbp	CIGAR I + D operations, events not bases, 1-300 bp (samtools stats ID records)	CIGAR-mapped read bases (bases_mapped_cigar)	alignment_analysis/tables/30x/derived/alignment_benchmark_30x_indel_recovery.tsv	insertion_events; deletion_events; bases_mapped_cigar
B	B1	Alignment-based	pbmm2	ONT	pbmm2 (ONT)	HG002	read alignment	Indel events per 100 kbp	519.868	per 100 kbp	CIGAR I + D operations, events not bases, 1-300 bp (samtools stats ID records)	CIGAR-mapped read bases (bases_mapped_cigar)	alignment_analysis/tables/30x/derived/alignment_benchmark_30x_indel_recovery.tsv	insertion_events; deletion_events; bases_mapped_cigar
B	B1	Alignment-based	VACmap	ONT	VACmap (ONT)	HG002	read alignment	Indel events per 100 kbp	496.095	per 100 kbp	CIGAR I + D operations, events not bases, 1-300 bp (samtools stats ID records)	CIGAR-mapped read bases (bases_mapped_cigar)	alignment_analysis/tables/30x/derived/alignment_benchmark_30x_indel_recovery.tsv	insertion_events; deletion_events; bases_mapped_cigar
B	B1	Alignment-based	VG Giraffe	ONT	VG Giraffe (ONT)	HG002	read alignment	Indel events per 100 kbp	450.329	per 100 kbp	CIGAR I + D operations, events not bases, 1-300 bp (samtools stats ID records)	CIGAR-mapped read bases (bases_mapped_cigar)	alignment_analysis/tables/30x/derived/alignment_benchmark_30x_indel_recovery.tsv	insertion_events; deletion_events; bases_mapped_cigar
B	B1	Alignment-based	minimap2	HiFi	minimap2 (HiFi)	HG002	read alignment	Indel events per 100 kbp	148.887	per 100 kbp	CIGAR I + D operations, events not bases, 1-300 bp (samtools stats ID records)	CIGAR-mapped read bases (bases_mapped_cigar)	alignment_analysis/tables/30x/derived/alignment_benchmark_30x_indel_recovery.tsv	insertion_events; deletion_events; bases_mapped_cigar
B	B1	Alignment-based	pbmm2	HiFi	pbmm2 (HiFi)	HG002	read alignment	Indel events per 100 kbp	149.307	per 100 kbp	CIGAR I + D operations, events not bases, 1-300 bp (samtools stats ID records)	CIGAR-mapped read bases (bases_mapped_cigar)	alignment_analysis/tables/30x/derived/alignment_benchmark_30x_indel_recovery.tsv	insertion_events; deletion_events; bases_mapped_cigar
B	B1	Alignment-based	VACmap	HiFi	VACmap (HiFi)	HG002	read alignment	Indel events per 100 kbp	149.155	per 100 kbp	CIGAR I + D operations, events not bases, 1-300 bp (samtools stats ID records)	CIGAR-mapped read bases (bases_mapped_cigar)	alignment_analysis/tables/30x/derived/alignment_benchmark_30x_indel_recovery.tsv	insertion_events; deletion_events; bases_mapped_cigar
B	B1	Alignment-based	VG Giraffe	HiFi	VG Giraffe (HiFi)	HG002	read alignment	Indel events per 100 kbp	159.509	per 100 kbp	CIGAR I + D operations, events not bases, 1-300 bp (samtools stats ID records)	CIGAR-mapped read bases (bases_mapped_cigar)	alignment_analysis/tables/30x/derived/alignment_benchmark_30x_indel_recovery.tsv	insertion_events; deletion_events; bases_mapped_cigar
B	B1	Alignment-based	minimap2	ONT	minimap2 (ONT)	HG003	read alignment	Indel events per 100 kbp	428.854	per 100 kbp	CIGAR I + D operations, events not bases, 1-300 bp (samtools stats ID records)	CIGAR-mapped read bases (bases_mapped_cigar)	alignment_analysis/tables/30x/derived/alignment_benchmark_30x_indel_recovery.tsv	insertion_events; deletion_events; bases_mapped_cigar
B	B1	Alignment-based	pbmm2	ONT	pbmm2 (ONT)	HG003	read alignment	Indel events per 100 kbp	380.555	per 100 kbp	CIGAR I + D operations, events not bases, 1-300 bp (samtools stats ID records)	CIGAR-mapped read bases (bases_mapped_cigar)	alignment_analysis/tables/30x/derived/alignment_benchmark_30x_indel_recovery.tsv	insertion_events; deletion_events; bases_mapped_cigar
B	B1	Alignment-based	VACmap	ONT	VACmap (ONT)	HG003	read alignment	Indel events per 100 kbp	366.685	per 100 kbp	CIGAR I + D operations, events not bases, 1-300 bp (samtools stats ID records)	CIGAR-mapped read bases (bases_mapped_cigar)	alignment_analysis/tables/30x/derived/alignment_benchmark_30x_indel_recovery.tsv	insertion_events; deletion_events; bases_mapped_cigar
B	B1	Alignment-based	VG Giraffe	ONT	VG Giraffe (ONT)	HG003	read alignment	Indel events per 100 kbp	334.493	per 100 kbp	CIGAR I + D operations, events not bases, 1-300 bp (samtools stats ID records)	CIGAR-mapped read bases (bases_mapped_cigar)	alignment_analysis/tables/30x/derived/alignment_benchmark_30x_indel_recovery.tsv	insertion_events; deletion_events; bases_mapped_cigar
B	B1	Alignment-based	minimap2	HiFi	minimap2 (HiFi)	HG003	read alignment	Indel events per 100 kbp	149.389	per 100 kbp	CIGAR I + D operations, events not bases, 1-300 bp (samtools stats ID records)	CIGAR-mapped read bases (bases_mapped_cigar)	alignment_analysis/tables/30x/derived/alignment_benchmark_30x_indel_recovery.tsv	insertion_events; deletion_events; bases_mapped_cigar
B	B1	Alignment-based	pbmm2	HiFi	pbmm2 (HiFi)	HG003	read alignment	Indel events per 100 kbp	149.726	per 100 kbp	CIGAR I + D operations, events not bases, 1-300 bp (samtools stats ID records)	CIGAR-mapped read bases (bases_mapped_cigar)	alignment_analysis/tables/30x/derived/alignment_benchmark_30x_indel_recovery.tsv	insertion_events; deletion_events; bases_mapped_cigar
B	B1	Alignment-based	VACmap	HiFi	VACmap (HiFi)	HG003	read alignment	Indel events per 100 kbp	150.284	per 100 kbp	CIGAR I + D operations, events not bases, 1-300 bp (samtools stats ID records)	CIGAR-mapped read bases (bases_mapped_cigar)	alignment_analysis/tables/30x/derived/alignment_benchmark_30x_indel_recovery.tsv	insertion_events; deletion_events; bases_mapped_cigar
B	B1	Alignment-based	VG Giraffe	HiFi	VG Giraffe (HiFi)	HG003	read alignment	Indel events per 100 kbp	159.405	per 100 kbp	CIGAR I + D operations, events not bases, 1-300 bp (samtools stats ID records)	CIGAR-mapped read bases (bases_mapped_cigar)	alignment_analysis/tables/30x/derived/alignment_benchmark_30x_indel_recovery.tsv	insertion_events; deletion_events; bases_mapped_cigar
B	B1	Alignment-based	minimap2	ONT	minimap2 (ONT)	HG004	read alignment	Indel events per 100 kbp	451.935	per 100 kbp	CIGAR I + D operations, events not bases, 1-300 bp (samtools stats ID records)	CIGAR-mapped read bases (bases_mapped_cigar)	alignment_analysis/tables/30x/derived/alignment_benchmark_30x_indel_recovery.tsv	insertion_events; deletion_events; bases_mapped_cigar
B	B1	Alignment-based	pbmm2	ONT	pbmm2 (ONT)	HG004	read alignment	Indel events per 100 kbp	400.555	per 100 kbp	CIGAR I + D operations, events not bases, 1-300 bp (samtools stats ID records)	CIGAR-mapped read bases (bases_mapped_cigar)	alignment_analysis/tables/30x/derived/alignment_benchmark_30x_indel_recovery.tsv	insertion_events; deletion_events; bases_mapped_cigar
B	B1	Alignment-based	VACmap	ONT	VACmap (ONT)	HG004	read alignment	Indel events per 100 kbp	386.346	per 100 kbp	CIGAR I + D operations, events not bases, 1-300 bp (samtools stats ID records)	CIGAR-mapped read bases (bases_mapped_cigar)	alignment_analysis/tables/30x/derived/alignment_benchmark_30x_indel_recovery.tsv	insertion_events; deletion_events; bases_mapped_cigar
B	B1	Alignment-based	VG Giraffe	ONT	VG Giraffe (ONT)	HG004	read alignment	Indel events per 100 kbp	359.505	per 100 kbp	CIGAR I + D operations, events not bases, 1-300 bp (samtools stats ID records)	CIGAR-mapped read bases (bases_mapped_cigar)	alignment_analysis/tables/30x/derived/alignment_benchmark_30x_indel_recovery.tsv	insertion_events; deletion_events; bases_mapped_cigar
B	B1	Alignment-based	minimap2	HiFi	minimap2 (HiFi)	HG004	read alignment	Indel events per 100 kbp	158.763	per 100 kbp	CIGAR I + D operations, events not bases, 1-300 bp (samtools stats ID records)	CIGAR-mapped read bases (bases_mapped_cigar)	alignment_analysis/tables/30x/derived/alignment_benchmark_30x_indel_recovery.tsv	insertion_events; deletion_events; bases_mapped_cigar
B	B1	Alignment-based	pbmm2	HiFi	pbmm2 (HiFi)	HG004	read alignment	Indel events per 100 kbp	158.924	per 100 kbp	CIGAR I + D operations, events not bases, 1-300 bp (samtools stats ID records)	CIGAR-mapped read bases (bases_mapped_cigar)	alignment_analysis/tables/30x/derived/alignment_benchmark_30x_indel_recovery.tsv	insertion_events; deletion_events; bases_mapped_cigar
B	B1	Alignment-based	VACmap	HiFi	VACmap (HiFi)	HG004	read alignment	Indel events per 100 kbp	159.026	per 100 kbp	CIGAR I + D operations, events not bases, 1-300 bp (samtools stats ID records)	CIGAR-mapped read bases (bases_mapped_cigar)	alignment_analysis/tables/30x/derived/alignment_benchmark_30x_indel_recovery.tsv	insertion_events; deletion_events; bases_mapped_cigar
B	B1	Alignment-based	VG Giraffe	HiFi	VG Giraffe (HiFi)	HG004	read alignment	Indel events per 100 kbp	168.045	per 100 kbp	CIGAR I + D operations, events not bases, 1-300 bp (samtools stats ID records)	CIGAR-mapped read bases (bases_mapped_cigar)	alignment_analysis/tables/30x/derived/alignment_benchmark_30x_indel_recovery.tsv	insertion_events; deletion_events; bases_mapped_cigar
B	B2	Assembly-based	Flye	ONT	Flye (ONT)	HG002	collapsed	Indel events per 100 kbp	31.86	per 100 kbp	QUAST # indels (events; consecutive indel bases counted once)	QUAST total aligned contig length	assembly_analysis/tables/30x/final/assembly_benchmark_30x.tsv	indels_per_100kbp
B	B2	Assembly-based	Flye	ONT	Flye (ONT)	HG003	collapsed	Indel events per 100 kbp	31.33	per 100 kbp	QUAST # indels (events; consecutive indel bases counted once)	QUAST total aligned contig length	assembly_analysis/tables/30x/final/assembly_benchmark_30x.tsv	indels_per_100kbp
B	B2	Assembly-based	Flye	ONT	Flye (ONT)	HG004	collapsed	Indel events per 100 kbp	31.37	per 100 kbp	QUAST # indels (events; consecutive indel bases counted once)	QUAST total aligned contig length	assembly_analysis/tables/30x/final/assembly_benchmark_30x.tsv	indels_per_100kbp
B	B2	Assembly-based	GoldRush	ONT	GoldRush (ONT)	HG002	collapsed	Indel events per 100 kbp	52.17	per 100 kbp	QUAST # indels (events; consecutive indel bases counted once)	QUAST total aligned contig length	assembly_analysis/tables/30x/final/assembly_benchmark_30x.tsv	indels_per_100kbp
B	B2	Assembly-based	GoldRush	ONT	GoldRush (ONT)	HG003	collapsed	Indel events per 100 kbp	49.45	per 100 kbp	QUAST # indels (events; consecutive indel bases counted once)	QUAST total aligned contig length	assembly_analysis/tables/30x/final/assembly_benchmark_30x.tsv	indels_per_100kbp
B	B2	Assembly-based	GoldRush	ONT	GoldRush (ONT)	HG004	collapsed	Indel events per 100 kbp	51.14	per 100 kbp	QUAST # indels (events; consecutive indel bases counted once)	QUAST total aligned contig length	assembly_analysis/tables/30x/final/assembly_benchmark_30x.tsv	indels_per_100kbp
B	B2	Assembly-based	Flye	HiFi	Flye (HiFi)	HG002	collapsed	Indel events per 100 kbp	31.47	per 100 kbp	QUAST # indels (events; consecutive indel bases counted once)	QUAST total aligned contig length	assembly_analysis/tables/30x/final/assembly_benchmark_30x.tsv	indels_per_100kbp
B	B2	Assembly-based	Flye	HiFi	Flye (HiFi)	HG003	collapsed	Indel events per 100 kbp	31.36	per 100 kbp	QUAST # indels (events; consecutive indel bases counted once)	QUAST total aligned contig length	assembly_analysis/tables/30x/final/assembly_benchmark_30x.tsv	indels_per_100kbp
B	B2	Assembly-based	Flye	HiFi	Flye (HiFi)	HG004	collapsed	Indel events per 100 kbp	31.47	per 100 kbp	QUAST # indels (events; consecutive indel bases counted once)	QUAST total aligned contig length	assembly_analysis/tables/30x/final/assembly_benchmark_30x.tsv	indels_per_100kbp
B	B2	Assembly-based	GoldRush	HiFi	GoldRush (HiFi)	HG002	collapsed	Indel events per 100 kbp	33.92	per 100 kbp	QUAST # indels (events; consecutive indel bases counted once)	QUAST total aligned contig length	assembly_analysis/tables/30x/final/assembly_benchmark_30x.tsv	indels_per_100kbp
B	B2	Assembly-based	GoldRush	HiFi	GoldRush (HiFi)	HG003	collapsed	Indel events per 100 kbp	34.02	per 100 kbp	QUAST # indels (events; consecutive indel bases counted once)	QUAST total aligned contig length	assembly_analysis/tables/30x/final/assembly_benchmark_30x.tsv	indels_per_100kbp
B	B2	Assembly-based	GoldRush	HiFi	GoldRush (HiFi)	HG004	collapsed	Indel events per 100 kbp	35.03	per 100 kbp	QUAST # indels (events; consecutive indel bases counted once)	QUAST total aligned contig length	assembly_analysis/tables/30x/final/assembly_benchmark_30x.tsv	indels_per_100kbp
B	B2	Assembly-based	Verkko	ONT+HiFi	Verkko (ONT+HiFi)	HG002	haplotype_resolved	Indel events per 100 kbp	32.33	per 100 kbp	QUAST # indels (events; consecutive indel bases counted once)	QUAST total aligned contig length	assembly_analysis/tables/30x/final/assembly_benchmark_30x.tsv	indels_per_100kbp
B	B2	Assembly-based	Verkko	ONT+HiFi	Verkko (ONT+HiFi)	HG003	haplotype_resolved	Indel events per 100 kbp	32.26	per 100 kbp	QUAST # indels (events; consecutive indel bases counted once)	QUAST total aligned contig length	assembly_analysis/tables/30x/final/assembly_benchmark_30x.tsv	indels_per_100kbp
B	B2	Assembly-based	Verkko	ONT+HiFi	Verkko (ONT+HiFi)	HG004	haplotype_resolved	Indel events per 100 kbp	31.97	per 100 kbp	QUAST # indels (events; consecutive indel bases counted once)	QUAST total aligned contig length	assembly_analysis/tables/30x/final/assembly_benchmark_30x.tsv	indels_per_100kbp
C	C1	Alignment-based	minimap2	ONT	minimap2 (ONT)	HG002	read alignment	CIGAR-aligned yield	99.4508	%	CIGAR-mapped read bases (bases_mapped_cigar)	input sequencing bases (common_input_bases)	alignment_analysis/tables/30x/derived/plot_data/input_normalized_cigar_yield_percent.tsv	input_normalized_cigar_yield_percent
C	C1	Alignment-based	pbmm2	ONT	pbmm2 (ONT)	HG002	read alignment	CIGAR-aligned yield	98.8008	%	CIGAR-mapped read bases (bases_mapped_cigar)	input sequencing bases (common_input_bases)	alignment_analysis/tables/30x/derived/plot_data/input_normalized_cigar_yield_percent.tsv	input_normalized_cigar_yield_percent
C	C1	Alignment-based	VACmap	ONT	VACmap (ONT)	HG002	read alignment	CIGAR-aligned yield	97.9937	%	CIGAR-mapped read bases (bases_mapped_cigar)	input sequencing bases (common_input_bases)	alignment_analysis/tables/30x/derived/plot_data/input_normalized_cigar_yield_percent.tsv	input_normalized_cigar_yield_percent
C	C1	Alignment-based	VG Giraffe	ONT	VG Giraffe (ONT)	HG002	read alignment	CIGAR-aligned yield	92.0282	%	CIGAR-mapped read bases (bases_mapped_cigar)	input sequencing bases (common_input_bases)	alignment_analysis/tables/30x/derived/plot_data/input_normalized_cigar_yield_percent.tsv	input_normalized_cigar_yield_percent
C	C1	Alignment-based	minimap2	HiFi	minimap2 (HiFi)	HG002	read alignment	CIGAR-aligned yield	99.7266	%	CIGAR-mapped read bases (bases_mapped_cigar)	input sequencing bases (common_input_bases)	alignment_analysis/tables/30x/derived/plot_data/input_normalized_cigar_yield_percent.tsv	input_normalized_cigar_yield_percent
C	C1	Alignment-based	pbmm2	HiFi	pbmm2 (HiFi)	HG002	read alignment	CIGAR-aligned yield	99.4923	%	CIGAR-mapped read bases (bases_mapped_cigar)	input sequencing bases (common_input_bases)	alignment_analysis/tables/30x/derived/plot_data/input_normalized_cigar_yield_percent.tsv	input_normalized_cigar_yield_percent
C	C1	Alignment-based	VACmap	HiFi	VACmap (HiFi)	HG002	read alignment	CIGAR-aligned yield	99.3518	%	CIGAR-mapped read bases (bases_mapped_cigar)	input sequencing bases (common_input_bases)	alignment_analysis/tables/30x/derived/plot_data/input_normalized_cigar_yield_percent.tsv	input_normalized_cigar_yield_percent
C	C1	Alignment-based	VG Giraffe	HiFi	VG Giraffe (HiFi)	HG002	read alignment	CIGAR-aligned yield	98.9996	%	CIGAR-mapped read bases (bases_mapped_cigar)	input sequencing bases (common_input_bases)	alignment_analysis/tables/30x/derived/plot_data/input_normalized_cigar_yield_percent.tsv	input_normalized_cigar_yield_percent
C	C1	Alignment-based	minimap2	ONT	minimap2 (ONT)	HG003	read alignment	CIGAR-aligned yield	99.3568	%	CIGAR-mapped read bases (bases_mapped_cigar)	input sequencing bases (common_input_bases)	alignment_analysis/tables/30x/derived/plot_data/input_normalized_cigar_yield_percent.tsv	input_normalized_cigar_yield_percent
C	C1	Alignment-based	pbmm2	ONT	pbmm2 (ONT)	HG003	read alignment	CIGAR-aligned yield	98.6793	%	CIGAR-mapped read bases (bases_mapped_cigar)	input sequencing bases (common_input_bases)	alignment_analysis/tables/30x/derived/plot_data/input_normalized_cigar_yield_percent.tsv	input_normalized_cigar_yield_percent
C	C1	Alignment-based	VACmap	ONT	VACmap (ONT)	HG003	read alignment	CIGAR-aligned yield	98.093	%	CIGAR-mapped read bases (bases_mapped_cigar)	input sequencing bases (common_input_bases)	alignment_analysis/tables/30x/derived/plot_data/input_normalized_cigar_yield_percent.tsv	input_normalized_cigar_yield_percent
C	C1	Alignment-based	VG Giraffe	ONT	VG Giraffe (ONT)	HG003	read alignment	CIGAR-aligned yield	92.6918	%	CIGAR-mapped read bases (bases_mapped_cigar)	input sequencing bases (common_input_bases)	alignment_analysis/tables/30x/derived/plot_data/input_normalized_cigar_yield_percent.tsv	input_normalized_cigar_yield_percent
C	C1	Alignment-based	minimap2	HiFi	minimap2 (HiFi)	HG003	read alignment	CIGAR-aligned yield	99.7637	%	CIGAR-mapped read bases (bases_mapped_cigar)	input sequencing bases (common_input_bases)	alignment_analysis/tables/30x/derived/plot_data/input_normalized_cigar_yield_percent.tsv	input_normalized_cigar_yield_percent
C	C1	Alignment-based	pbmm2	HiFi	pbmm2 (HiFi)	HG003	read alignment	CIGAR-aligned yield	99.5217	%	CIGAR-mapped read bases (bases_mapped_cigar)	input sequencing bases (common_input_bases)	alignment_analysis/tables/30x/derived/plot_data/input_normalized_cigar_yield_percent.tsv	input_normalized_cigar_yield_percent
C	C1	Alignment-based	VACmap	HiFi	VACmap (HiFi)	HG003	read alignment	CIGAR-aligned yield	99.4007	%	CIGAR-mapped read bases (bases_mapped_cigar)	input sequencing bases (common_input_bases)	alignment_analysis/tables/30x/derived/plot_data/input_normalized_cigar_yield_percent.tsv	input_normalized_cigar_yield_percent
C	C1	Alignment-based	VG Giraffe	HiFi	VG Giraffe (HiFi)	HG003	read alignment	CIGAR-aligned yield	99.0278	%	CIGAR-mapped read bases (bases_mapped_cigar)	input sequencing bases (common_input_bases)	alignment_analysis/tables/30x/derived/plot_data/input_normalized_cigar_yield_percent.tsv	input_normalized_cigar_yield_percent
C	C1	Alignment-based	minimap2	ONT	minimap2 (ONT)	HG004	read alignment	CIGAR-aligned yield	99.3324	%	CIGAR-mapped read bases (bases_mapped_cigar)	input sequencing bases (common_input_bases)	alignment_analysis/tables/30x/derived/plot_data/input_normalized_cigar_yield_percent.tsv	input_normalized_cigar_yield_percent
C	C1	Alignment-based	pbmm2	ONT	pbmm2 (ONT)	HG004	read alignment	CIGAR-aligned yield	98.7467	%	CIGAR-mapped read bases (bases_mapped_cigar)	input sequencing bases (common_input_bases)	alignment_analysis/tables/30x/derived/plot_data/input_normalized_cigar_yield_percent.tsv	input_normalized_cigar_yield_percent
C	C1	Alignment-based	VACmap	ONT	VACmap (ONT)	HG004	read alignment	CIGAR-aligned yield	98.0981	%	CIGAR-mapped read bases (bases_mapped_cigar)	input sequencing bases (common_input_bases)	alignment_analysis/tables/30x/derived/plot_data/input_normalized_cigar_yield_percent.tsv	input_normalized_cigar_yield_percent
C	C1	Alignment-based	VG Giraffe	ONT	VG Giraffe (ONT)	HG004	read alignment	CIGAR-aligned yield	93.4709	%	CIGAR-mapped read bases (bases_mapped_cigar)	input sequencing bases (common_input_bases)	alignment_analysis/tables/30x/derived/plot_data/input_normalized_cigar_yield_percent.tsv	input_normalized_cigar_yield_percent
C	C1	Alignment-based	minimap2	HiFi	minimap2 (HiFi)	HG004	read alignment	CIGAR-aligned yield	99.7865	%	CIGAR-mapped read bases (bases_mapped_cigar)	input sequencing bases (common_input_bases)	alignment_analysis/tables/30x/derived/plot_data/input_normalized_cigar_yield_percent.tsv	input_normalized_cigar_yield_percent
C	C1	Alignment-based	pbmm2	HiFi	pbmm2 (HiFi)	HG004	read alignment	CIGAR-aligned yield	99.5661	%	CIGAR-mapped read bases (bases_mapped_cigar)	input sequencing bases (common_input_bases)	alignment_analysis/tables/30x/derived/plot_data/input_normalized_cigar_yield_percent.tsv	input_normalized_cigar_yield_percent
C	C1	Alignment-based	VACmap	HiFi	VACmap (HiFi)	HG004	read alignment	CIGAR-aligned yield	99.52	%	CIGAR-mapped read bases (bases_mapped_cigar)	input sequencing bases (common_input_bases)	alignment_analysis/tables/30x/derived/plot_data/input_normalized_cigar_yield_percent.tsv	input_normalized_cigar_yield_percent
C	C1	Alignment-based	VG Giraffe	HiFi	VG Giraffe (HiFi)	HG004	read alignment	CIGAR-aligned yield	99.0832	%	CIGAR-mapped read bases (bases_mapped_cigar)	input sequencing bases (common_input_bases)	alignment_analysis/tables/30x/derived/plot_data/input_normalized_cigar_yield_percent.tsv	input_normalized_cigar_yield_percent
C	C2	Assembly-based	Flye	ONT	Flye (ONT)	HG002	collapsed	Genome fraction	96.827	%	GRCh38 bases covered by aligned contigs	GRCh38 reference length	assembly_analysis/tables/30x/final/assembly_benchmark_30x.tsv	genome_fraction_pct
C	C2	Assembly-based	Flye	ONT	Flye (ONT)	HG003	collapsed	Genome fraction	96.877	%	GRCh38 bases covered by aligned contigs	GRCh38 reference length	assembly_analysis/tables/30x/final/assembly_benchmark_30x.tsv	genome_fraction_pct
C	C2	Assembly-based	Flye	ONT	Flye (ONT)	HG004	collapsed	Genome fraction	96.308	%	GRCh38 bases covered by aligned contigs	GRCh38 reference length	assembly_analysis/tables/30x/final/assembly_benchmark_30x.tsv	genome_fraction_pct
C	C2	Assembly-based	GoldRush	ONT	GoldRush (ONT)	HG002	collapsed	Genome fraction	75.813	%	GRCh38 bases covered by aligned contigs	GRCh38 reference length	assembly_analysis/tables/30x/final/assembly_benchmark_30x.tsv	genome_fraction_pct
C	C2	Assembly-based	GoldRush	ONT	GoldRush (ONT)	HG003	collapsed	Genome fraction	79.422	%	GRCh38 bases covered by aligned contigs	GRCh38 reference length	assembly_analysis/tables/30x/final/assembly_benchmark_30x.tsv	genome_fraction_pct
C	C2	Assembly-based	GoldRush	ONT	GoldRush (ONT)	HG004	collapsed	Genome fraction	65.802	%	GRCh38 bases covered by aligned contigs	GRCh38 reference length	assembly_analysis/tables/30x/final/assembly_benchmark_30x.tsv	genome_fraction_pct
C	C2	Assembly-based	Flye	HiFi	Flye (HiFi)	HG002	collapsed	Genome fraction	98.394	%	GRCh38 bases covered by aligned contigs	GRCh38 reference length	assembly_analysis/tables/30x/final/assembly_benchmark_30x.tsv	genome_fraction_pct
C	C2	Assembly-based	Flye	HiFi	Flye (HiFi)	HG003	collapsed	Genome fraction	98.425	%	GRCh38 bases covered by aligned contigs	GRCh38 reference length	assembly_analysis/tables/30x/final/assembly_benchmark_30x.tsv	genome_fraction_pct
C	C2	Assembly-based	Flye	HiFi	Flye (HiFi)	HG004	collapsed	Genome fraction	97.758	%	GRCh38 bases covered by aligned contigs	GRCh38 reference length	assembly_analysis/tables/30x/final/assembly_benchmark_30x.tsv	genome_fraction_pct
C	C2	Assembly-based	GoldRush	HiFi	GoldRush (HiFi)	HG002	collapsed	Genome fraction	67.94	%	GRCh38 bases covered by aligned contigs	GRCh38 reference length	assembly_analysis/tables/30x/final/assembly_benchmark_30x.tsv	genome_fraction_pct
C	C2	Assembly-based	GoldRush	HiFi	GoldRush (HiFi)	HG003	collapsed	Genome fraction	66.819	%	GRCh38 bases covered by aligned contigs	GRCh38 reference length	assembly_analysis/tables/30x/final/assembly_benchmark_30x.tsv	genome_fraction_pct
C	C2	Assembly-based	GoldRush	HiFi	GoldRush (HiFi)	HG004	collapsed	Genome fraction	69.245	%	GRCh38 bases covered by aligned contigs	GRCh38 reference length	assembly_analysis/tables/30x/final/assembly_benchmark_30x.tsv	genome_fraction_pct
C	C2	Assembly-based	Verkko	ONT+HiFi	Verkko (ONT+HiFi)	HG002	haplotype_resolved	Genome fraction	98.81	%	GRCh38 bases covered by aligned contigs	GRCh38 reference length	assembly_analysis/tables/30x/final/assembly_benchmark_30x.tsv	genome_fraction_pct
C	C2	Assembly-based	Verkko	ONT+HiFi	Verkko (ONT+HiFi)	HG003	haplotype_resolved	Genome fraction	98.809	%	GRCh38 bases covered by aligned contigs	GRCh38 reference length	assembly_analysis/tables/30x/final/assembly_benchmark_30x.tsv	genome_fraction_pct
C	C2	Assembly-based	Verkko	ONT+HiFi	Verkko (ONT+HiFi)	HG004	haplotype_resolved	Genome fraction	98.057	%	GRCh38 bases covered by aligned contigs	GRCh38 reference length	assembly_analysis/tables/30x/final/assembly_benchmark_30x.tsv	genome_fraction_pct
